Y,X1,X2,X3
96,3,8,4
100,10,1,10
810,9,10,9
280,7,8,5
60,10,1,6
75,5,3,5
150,3,5,10
4,1,4,1
48,6,4,2
84,7,4,3
16,2,2,4
90,3,5,6
72,4,2,9
360,10,4,9
32,8,2,2
18,3,6,1
36,2,2,9
144,6,6,4
162,9,2,9
70,7,1,10
36,2,9,2
72,6,2,6
12,2,2,3
160,5,8,4
168,3,8,7
384,8,8,6
40,2,5,4
72,9,2,4
112,4,7,4
224,8,4,7
900,10,9,10
24,2,4,3
200,10,2,10
40,2,2,10
648,8,9,9
216,4,6,9
288,9,8,4
160,4,5,8
576,8,9,8
45,3,5,3
420,10,7,6
56,7,1,8
32,4,1,8
600,6,10,10
243,3,9,9
216,6,9,4
84,4,3,7
180,2,10,9
60,1,10,6
4,1,1,4
192,4,6,8
240,10,3,8
84,7,4,3
210,6,7,5
96,3,8,4
15,1,3,5
648,9,8,9
40,4,2,5
8,2,1,4
168,7,3,8
36,9,4,1
42,2,7,3
200,4,10,5
40,4,1,10
168,7,8,3
30,6,5,1
72,9,2,4
32,4,4,2
450,10,9,5
192,4,6,8
60,10,3,2
120,4,6,5
48,6,8,1
40,1,10,4
70,5,7,2
42,2,7,3
640,8,10,8
108,3,6,6
300,5,6,10
12,1,4,3
160,8,5,4
60,6,5,2
10,2,1,5
360,4,10,9
21,3,1,7
100,1,10,10
96,8,3,4
360,9,8,5
180,5,6,6
9,9,1,1
112,7,2,8
64,2,8,4
35,5,1,7
200,10,10,2
80,4,4,5
9,3,3,1
200,10,5,4
160,10,4,4
16,1,8,2
1000,10,10,10
360,9,8,5
96,4,8,3
8,1,8,1
640,8,8,10
108,6,6,3
200,4,10,5
32,4,4,2
9,3,3,1
180,9,4,5
70,1,7,10
63,3,3,7
180,2,9,10
120,8,5,3
225,5,5,9
12,2,3,2
225,5,5,9
100,10,5,2
4,2,2,1
60,3,5,4
378,7,6,9
288,8,6,6
288,9,8,4
144,6,8,3
60,6,1,10
20,2,10,1
18,3,1,6
120,8,5,3
36,1,4,9
5939934,299,301,66
29750490,318,315,297
113735436,313,566,642
382361590,730,559,937
125079474,339,617,598
8373840,820,92,111
165010608,602,486,564
197823360,359,560,984
89016732,686,178,729
2328870,521,447,10
161793216,738,221,992
358573435,527,695,979
148022966,469,793,398
12673024,884,16,896
37590740,95,782,506
136363017,203,699,961
210000,35,6,1000
102928320,722,396,360
965172,46,26,807
567977400,675,983,856
427248,72,989,6
91126890,501,258,705
19181250,225,125,682
129464380,302,526,815
150030650,931,275,586
42097980,218,205,942
1245776,14,454,196
362507840,760,872,547
21463742,542,199,199
19812660,28,879,805
256856418,573,546,821
61449840,290,972,218
87294760,434,356,565
36437688,232,831,189
30514575,325,263,357
412227508,854,593,814
148217508,846,502,349
22888320,786,56,520
20601000,675,218,140
31916850,525,226,269
121314250,577,841,250
404949860,595,743,916
25985288,98,878,302
151499880,360,761,553
25988173,131,283,701
82994752,922,116,776
192670400,472,785,520
220236822,542,897,453
194881956,818,354,673
28645680,357,272,295
17784360,54,998,330
51852735,605,801,107
214783712,884,968,251
83835920,560,529,283
3223200,395,40,204
43224610,181,835,286
124288220,734,574,295
904704,31,48,608
151305775,269,745,755
130354752,968,248,543
42358932,708,231,259
296728187,553,911,589
83184360,602,987,140
18310050,27,990,685
41036580,855,338,142
352330304,886,731,544
372555792,996,876,427
22819680,477,80,598
179560448,512,953,368
110214944,824,238,562
439921248,806,664,822
169406250,695,250,975
106964897,871,227,541
21078239,247,167,511
90708800,178,910,560
21588714,123,398,441
20637936,99,258,808
112380800,160,812,865
25846800,70,724,510
15380937,39,629,627
99731520,388,680,378
30506552,76,838,479
205790508,693,748,397
3671400,20,870,211
263803120,623,536,790
313755318,789,694,573
140579172,279,796,633
261816544,886,506,584
4913180,197,172,145
237665736,489,616,789
47551448,199,476,502
10558080,195,376,144
25218222,498,641,79
403454496,696,926,626
5390280,828,10,651
38967632,542,836,86
35369880,948,130,287
114358860,333,385,892
158545656,753,849,248
68360586,826,563,147
153874462,526,553,529
22300300,485,190,242
101008710,794,165,771
240733396,629,652,587
4707374,139,118,287
29541564,397,468,159
340566336,738,874,528
4268880,126,88,385
19082232,494,333,116
858269888,947,952,952
4745520,130,52,702
131608440,852,813,190
249514650,758,627,525
5320156,349,103,148
191514624,896,976,219
2748060,727,105,36
251568720,744,390,867
44652384,963,504,92
456980629,943,647,749
176074240,872,631,320
211714080,508,755,552
241865432,538,668,673
72369408,272,482,552
9234480,60,706,218
120815604,647,741,252
81863730,843,249,390
93189192,802,276,421
225954300,253,916,975
11979968,374,176,182
27725940,209,737,180
298893056,616,944,514
121085100,475,657,388
41823600,975,112,383
142199750,770,415,445
123749808,984,182,691
135143216,689,656,299
61125480,360,481,353
195108610,755,314,823
22381515,327,169,405
273211680,903,496,610
61400820,223,390,706
16311120,133,840,146
56597976,344,543,303
2700544,352,8,959
37546432,401,133,704
315323640,519,996,610
71476873,871,137,599
8043840,114,98,720
18335163,187,667,147
1124060,28,259,155
52639488,768,93,737
175104,114,12,128
18576858,118,541,291
80428880,287,620,452
13175239,397,77,431
119504970,486,845,291
53288766,369,426,339
24536610,203,395,306
1035956,634,817,2
90501750,475,522,365
53262350,398,505,265
245172096,468,963,544
55897296,546,268,382
4271694,53,303,266
578986050,950,911,669
44537448,852,443,118
701432592,984,863,826
428262725,907,505,935
511758,9,486,117
370331808,421,924,952
78912864,984,163,492
258695706,466,877,633
6735960,280,297,81
17687964,301,708,83
572792220,884,935,693
59673777,219,521,523
13583640,42,785,412
175747320,243,738,980
209532708,924,269,843
43741320,735,86,692
57647135,403,335,427
179979462,314,897,639
19254144,58,624,532
395505320,826,538,890
109991934,598,191,963
43200300,55,988,795
38128200,550,436,159
608483280,948,958,670
1366632,666,36,57
1923408,72,37,722
4230960,680,17,366
379953873,639,863,689
134989740,927,180,809
8984250,375,726,33
94942512,393,336,719
8775600,71,400,309
73823694,293,857,294
55964363,959,871,67
84029400,513,455,360
5224950,683,85,90
70172848,997,212,332
26628264,117,654,348
725894230,823,965,914
335853350,490,841,815
31976658,222,361,399
298415226,879,398,853
80067492,116,813,849
43307880,654,860,77
100991352,294,407,844
252602064,754,396,846
300504064,512,742,791
50565270,406,361,345
29004716,494,62,947
29133000,702,100,415
53795000,371,1000,145
28187250,177,490,325
217326240,738,409,720
23934300,969,475,52
511355925,939,795,685
243516364,644,767,493
64571304,276,238,983
382034400,638,600,998
73081920,960,269,283
19977516,837,468,51
41572950,190,435,503
106578780,238,506,885
34148928,627,851,64
165979250,475,421,830
154656536,254,841,724
143789772,203,804,881
25150356,633,77,516
314629808,872,446,809
9624632,788,62,197
370828570,590,889,707
64255114,77,914,913
29993760,432,262,265
88286730,551,245,654
12272931,93,341,387
90156780,915,276,357
40540686,127,498,641
11910448,31,472,814
3326820,534,623,10
139183344,692,666,302
190426092,501,569,668
177927750,273,790,825
73091585,161,595,763
130686675,525,301,827
35078916,303,281,412
22652024,863,386,68
41637960,82,558,910
89645544,354,449,564
191087520,813,260,904
182061,3,99,613
58487616,543,144,748
386224272,504,889,862
36355704,88,573,721
497620,5,358,278
135683112,348,509,766
27683276,842,34,967
29370012,147,796,251
315271936,917,632,544
7851060,651,20,603
81312,176,7,66
314747488,451,772,904
70711806,341,969,214
131623488,456,456,633
203151927,649,691,453
164417280,192,940,911
159370092,354,567,794
187695,97,15,129
274491126,673,702,581
41965992,148,531,534
564319074,726,907,857
52048360,905,316,182
5279274,77,234,293
299569036,971,698,442
31424320,283,320,347
38653160,164,370,637
182654976,672,548,496
263050816,736,686,521
5035860,606,30,277
189442000,275,872,790
50973865,437,569,205
5181414,43,133,906
41785213,389,659,163
21965856,33,976,682
187247456,946,556,356
49426034,469,667,158
294571928,889,488,679
30726576,73,711,592
192979200,480,460,874
437791200,644,824,825
10799745,407,915,29
120576,16,8,942
88108020,715,126,978
10401588,703,411,36
67082400,726,336,275
594869576,743,952,841
41441792,746,56,992
23052438,163,582,243
5875254,157,42,891
296289504,636,987,472
545266302,959,982,579
76886342,197,442,883
5529216,896,51,121
231840,690,4,84
226707600,548,591,700
2375670,69,55,626
355447288,817,952,457
406232008,602,988,683
191551672,668,533,538
181818000,720,481,525
37001988,54,794,863
174944,28,88,71
34148020,673,59,860
1968876,12,273,601
151285536,993,736,207
294177429,819,529,679
6753789,207,59,553
177700432,496,889,403
118052880,330,388,922
32258520,102,502,630
9441822,138,277,247
128075136,992,212,609
319154940,565,663,852
3445680,293,40,294
71465571,837,537,159
4199650,70,355,169
65300400,990,97,680
14598962,49,311,958
97638086,173,637,886
388612032,872,599,744
3288285,15,273,803
40975236,782,426,123
300848400,600,866,579
304952374,887,433,794
151002690,573,365,722
189220080,826,690,332
88669768,242,556,659
280451808,351,928,861
23373420,435,266,202
558900,345,15,108
604606464,792,896,852
471060720,853,624,885
819363600,855,968,990
195960,2,276,355
50085814,142,677,521
21374050,298,475,151
15631904,634,92,268
11987556,266,203,222
406951072,968,926,454
5577600,100,224,249
180910362,831,674,323
200820528,711,556,508
36475200,170,894,240
6458100,95,132,515
693344,8,922,94
241567872,992,892,273
61806072,834,382,194
44817064,227,667,296
51890668,137,529,716
373959666,999,534,701
12479360,592,40,527
97997112,782,236,531
288824164,586,562,877
6202152,164,382,99
3181955,229,35,397
120403470,615,242,809
2993298,682,399,11
683008,464,64,23
22015068,204,347,311
638154720,752,898,945
402595110,870,783,591
44370310,202,985,223
1746108,676,287,9
525312375,879,875,683
81055728,816,117,849
297253770,349,979,870
223313118,529,874,483
392069300,940,701,595
100676520,324,386,805
20316339,129,513,307
23235322,638,79,461
124488300,820,435,349
125419840,292,560,767
9363600,270,85,408
37136160,111,544,615
128512440,890,252,573
105633000,605,900,194
184280184,618,502,594
16811968,172,656,149
16458840,655,72,349
8136240,21,668,580
310178960,685,728,622
8559100,502,55,310
44050400,200,697,316
13566780,113,174,690
48962337,991,129,383
129822420,885,182,806
5768413,287,199,101
12112500,85,285,500
229878000,430,810,660
343467864,547,969,648
171776512,503,736,464
32718888,274,558,214
624678912,864,832,869
194601600,580,480,699
55050912,747,658,112
236322114,699,434,779
145353285,693,885,237
121664400,825,709,208
215718438,893,494,489
26862992,107,923,272
67432530,330,233,877
35833700,994,50,721
998210,5,346,577
9478815,95,237,421
152695150,790,899,215
13945464,317,52,846
13193700,34,975,398
124569576,278,922,486
1548360,69,170,132
97978356,981,348,287
117471360,708,976,170
497650230,909,869,630
64515840,951,640,106
172855794,894,809,239
104340849,797,867,151
24438154,767,179,178
28658880,180,372,428
97346880,593,760,216
25996196,34,887,862
118742400,456,930,280
176607583,307,997,577
80380860,644,159,785
103284492,647,318,502
52713100,692,275,277
4295200,118,56,650
62493444,162,401,962
122256288,296,447,924
675360,201,7,480
119916720,618,539,360
64535230,697,470,197
23587188,948,179,139
1352468,4,839,403
106557424,808,466,283
256379760,910,504,559
162588582,962,633,267
21460725,715,87,345
7732738,871,23,386
632022792,961,804,818
261508,188,107,13
52086912,948,68,808
60240285,217,597,465
59196774,273,599,362
144248000,494,800,365
97998940,167,793,740
206483712,508,438,928
5816400,600,262,37
5366780,166,53,610
51642360,506,135,756
49792293,57,961,909
176606976,798,224,988
53710848,752,744,96
142795488,484,647,456
290770623,893,897,363
313418943,691,471,963
31761728,218,928,157
53973105,305,183,967
90547418,118,881,871
75850632,477,572,278
81867828,636,259,497
6910816,638,677,16
271513892,754,449,802
84288960,452,504,370
78593652,513,751,204
101094804,937,222,486
337943172,707,732,653
194568894,559,366,951
129023832,581,228,974
38495520,469,108,760
53152200,965,510,108
31796618,226,199,707
102683334,359,386,741
98157300,925,956,111
49931550,510,107,915
77319606,322,611,393
20259792,199,202,504
22594880,616,524,70
375266160,713,645,816
3013632,327,576,16
183824872,479,616,623
73136700,252,475,611
19502937,863,279,81
434819301,667,839,777
229674660,589,402,970
31112910,541,81,710
113102700,335,340,993
66772460,380,883,199
45154128,172,501,524
33982872,222,994,154
94841604,897,108,979
266325,67,159,25
147594548,526,614,457
101957040,870,771,152
28210122,194,321,453
8132040,9,922,980
249426720,680,414,886
28339146,418,729,93
20896764,188,237,469
32664800,608,307,175
146758878,723,537,378
159576760,698,497,460
38781624,518,102,734
115504200,206,900,623
8647560,405,136,157
7405425,159,575,81
79600612,577,379,364
294188400,855,440,782
47938068,81,993,596
10556000,203,65,800
73566696,241,966,316
22401456,726,406,76
187354455,293,705,907
366222028,701,524,997
805490,622,185,7
155347896,206,957,788
44215094,607,301,242
1023435,19,405,133
177203495,691,595,431
49610880,270,528,348
1192002,281,14,303
24550448,424,131,442
2798928,88,589,54
244071081,681,579,619
25894728,162,178,898
622055286,842,989,747
97218940,455,587,364
67715904,367,496,372
232924572,471,723,684
129015954,878,261,563
668382000,820,825,988
63075936,742,322,264
278696520,694,873,460
6865724,223,358,86
91032984,189,488,987
53737920,397,576,235
72915175,575,173,733
43726080,240,472,386
255275604,459,853,652
4044810,309,34,385
10979904,159,83,832
83579484,661,771,164
8620128,907,216,44
61851726,342,811,223
66226540,479,446,310
6798176,178,44,868
6144960,120,692,74
154187040,480,421,763
31115196,569,441,124
46453338,422,729,151
84072,31,8,339
124827360,766,194,840
135872352,504,557,484
91640268,646,426,333
88734000,643,500,276
25590180,174,385,382
138036800,496,484,575
50158944,142,528,669
53372760,245,939,232
2084352,96,118,184
1811810,154,181,65
19905235,313,553,115
20436376,212,157,614
291783681,669,903,483
33150150,543,550,111
218405970,918,933,255
366766920,865,702,604
58695560,95,649,952
274083460,911,980,307
33777555,635,357,149
287427630,490,779,753
64024000,265,320,755
45765720,234,770,254
2244510,405,326,17
201136572,343,819,716
202716020,545,598,622
72276630,795,347,262
28303440,710,906,44
103056000,228,452,1000
34620534,967,117,306
48768768,976,347,144
10977486,633,23,754
33401808,264,781,162
194753052,481,621,652
3100500,65,636,75
17999202,127,897,158
101023320,183,740,746
223550572,404,959,577
155800266,258,859,703
217560144,762,356,802
60773310,234,635,409
313164480,620,619,816
26113100,50,758,689
6500800,17,478,800
240729696,888,348,779
326558820,699,994,470
10016661,179,811,69
76314966,897,103,826
1960560,389,560,9
28258758,177,649,246
18548880,366,140,362
35387392,256,148,934
15964200,181,980,90
10296450,145,263,270
4459464,482,257,36
247128805,385,857,749
39656340,435,214,426
85608000,250,984,348
237007296,432,786,698
36954918,462,879,91
45015424,724,116,536
133312608,676,996,198
8132460,335,289,84
119909220,564,421,505
177979770,347,738,695
10056852,338,58,513
94769179,953,359,277
6004625,25,605,397
99382160,433,755,304
149183540,638,335,698
24770768,374,136,487
27057280,335,128,631
167774976,486,992,348
592361040,996,655,908
52326416,188,298,934
33892084,692,67,731
918720,48,580,33
16324992,64,766,333
86230336,376,872,263
45049842,549,89,922
16166202,338,149,321
303652440,713,585,728
10247090,545,553,34
8979334,479,91,206
703043874,807,949,918
68366532,403,422,402
10250724,237,44,983
545933544,958,843,676
18750501,311,189,319
45047340,558,690,117
33077616,366,869,104
3982860,609,30,218
25093376,128,266,737
72567900,930,918,85
6526044,551,423,28
16431660,276,405,147
274824880,638,979,440
81316984,952,373,229
127725180,330,482,803
81610100,845,878,110
6086214,482,207,61
396825,15,143,185
72479330,791,170,539
40854012,438,626,149
76813344,986,541,144
107450112,768,253,553
4575285,55,711,117
249497600,443,704,800
145893006,369,434,911
67502240,340,299,664
680683120,982,806,860
197310330,445,714,621
87450896,208,593,709
109866240,220,867,576
138161760,274,764,660
65690625,275,455,525
268838812,631,842,506
465066832,926,536,937
549507816,689,954,836
1573110,210,681,11
154288320,960,929,173
135326160,376,465,774
6330240,628,18,560
516511750,725,955,746
73112000,950,296,260
10076850,450,49,457
184123620,615,818,366
33556980,102,835,394
76863050,638,395,305
332366500,775,820,523
153097802,473,422,767
51609096,693,107,696
574487100,900,957,667
611646256,664,923,998
51793000,302,980,175
30172584,519,172,338
6578880,33,320,623
286141086,522,791,693
627734928,647,984,986
54919760,971,280,202
51077520,663,120,642
21905520,273,236,340
116697216,184,876,724
1573243,331,679,7
232738688,896,689,377
144377532,221,828,789
60276210,474,877,145
112087728,711,167,944
414612114,998,813,511
643872,228,4,706
360523350,865,990,421
38346,77,6,83
534130625,749,815,875
93312720,328,290,981
74813445,259,735,393
562707756,702,877,914
16155776,494,112,292
15159232,61,704,353
11511720,748,855,18
24550116,381,178,362
321379980,586,606,905
529923889,919,589,979
42954800,140,529,580
45677016,321,726,196
42254784,88,988,486
84478800,678,280,445
51336,186,46,6
42948400,172,454,550
33986400,210,170,952
314347280,940,436,767
19882044,238,221,378
44308232,302,853,172
53512200,300,217,822
88136032,424,314,662
309132,3,831,124
88902748,551,386,418
56162304,831,768,88
214219964,386,809,686
48016800,468,200,513
754384624,878,916,938
3552848,551,52,124
130674621,539,383,633
128380600,619,488,425
72469287,171,653,649
51017472,732,528,132
18394110,63,485,602
136332045,359,485,783
207816840,231,980,918
48437504,64,878,862
137598065,215,797,803
305495692,509,908,661
44842392,579,84,922
39276650,175,586,383
48421942,571,389,218
124383670,685,557,326
5973372,369,76,213
84755968,149,808,704
585182955,751,861,905
487674,821,54,11
90413820,357,268,945
17300800,983,880,20
585523431,831,991,711
19380816,816,91,261
28390803,599,777,61
278880,1,996,280
27216420,137,924,215
18474036,84,761,289
175739550,383,798,575
91635440,568,730,221
419430690,735,647,882
15256640,695,784,28
139355840,208,695,964
243055800,900,799,338
19334400,380,318,160
228535428,454,526,957
9094400,196,725,64
316846432,532,683,872
54475385,739,641,115
103239640,782,943,140
110076250,250,823,535
55378314,977,201,282
261900,30,582,15
2289375,275,225,37
503294368,916,794,692
59140302,177,923,362
257100096,836,688,447
1653792,24,107,644
19587400,175,823,136
285896820,307,935,996
60778714,181,379,886
17819865,327,315,173
8615346,131,291,226
306340848,979,369,848
62409380,185,748,451
112943910,830,201,677
474535722,697,699,974
105120288,864,191,637
430387776,663,736,882
817869312,832,984,999
174474000,972,718,250
30719000,556,650,85
4784000,416,46,250
99844992,354,624,452
194169750,471,850,485
27827520,123,320,707
45366300,379,350,342
92682912,952,266,366
87403800,836,850,123
28449160,680,107,391
80013570,395,273,742
48402900,117,420,985
259969500,750,917,378
240542874,678,827,429
25618572,846,294,103
147573608,658,908,247
5087250,35,150,969
611416862,889,937,734
592053280,784,962,785
27536016,831,218,152
148857696,914,464,351
62489664,108,688,841
2268960,174,20,652
2936700,90,65,502
128122120,581,596,370
75595520,590,448,286
95280768,803,576,206
400145976,761,654,804
206876655,993,323,645
257503428,741,441,788
83710704,994,319,264
37538900,245,940,163
77524335,527,315,467
65605936,368,853,209
13828320,264,180,291
74638750,142,625,841
499116816,942,594,892
188324640,476,504,785
11543700,478,46,525
153619661,533,491,587
50561280,99,912,560
283931815,685,457,907
11564991,557,769,27
5288764,106,247,202
198902110,583,545,626
29990898,63,954,499
117200832,776,744,203
37234080,234,585,272
99322260,685,516,281
267860,20,227,59
358800,20,39,460
28444672,688,76,544
292993980,554,610,867
6761640,58,174,670
12356652,129,308,311
33130624,472,428,164
90241984,656,238,578
28867462,482,271,221
38744760,395,183,536
337946784,996,511,664
18657600,507,46,800
14470404,851,218,78
318435,345,13,71
99319968,879,321,352
38061800,175,248,877
7690880,610,788,16
193464180,837,455,508
114201438,263,741,586
494863431,941,571,921
12863340,369,60,581
80901925,685,299,395
35118720,288,130,938
17233216,91,704,269
154846776,859,222,812
146041756,511,346,826
2559224,149,113,152
135264584,754,596,301
293040,11,180,148
116675460,330,726,487
375316000,505,800,929
850312320,880,978,988
28003080,518,204,265
35676432,606,66,892
25115766,186,799,169
157763882,631,298,839
36526080,328,128,870
49856310,210,977,243
95538268,157,844,721
30441738,523,178,327
28812960,880,102,321
11211200,539,832,25
15737820,707,212,105
114035850,925,761,162
196322000,875,592,379
119738871,581,449,459
386228736,834,804,576
120743100,460,307,855
158635158,291,698,781
11200878,39,317,906
156454893,509,357,861
104972175,581,275,657
494812800,900,747,736
17834580,404,545,81
488968775,985,983,505
97348280,977,940,106
14775420,22,734,915
126133056,984,392,327
167787711,777,273,791
79983540,514,399,390
149363430,591,635,398
65413656,133,621,792
231580800,408,825,688
2186886,106,299,69
24507778,109,778,289
199180800,285,728,960
373004922,977,591,646
482356524,879,692,793
544170,5,582,187
26937216,288,268,349
30339540,231,597,220
7928064,279,32,888
124591038,559,921,242
290851332,723,617,652
5983440,60,107,932
1007500,650,155,10
32119632,432,499,149
14098350,463,50,609
12924240,157,343,240
49900032,306,728,224
59339280,520,418,273
200526816,336,658,907
3851520,236,320,51
186715488,408,764,599
86401620,549,244,645
14994192,164,401,228
1877904,69,756,36
236303732,457,626,826
55602720,732,844,90
147549248,616,316,758
60151124,307,244,803
249800240,698,460,778
286556712,309,962,964
45834720,685,204,328
16506364,497,437,76
340000,160,5,425
106189056,216,569,864
13473792,96,172,816
210927360,399,896,590
224514048,968,256,906
117132,1,172,681
338588408,916,439,842
133140366,809,669,246
97115376,716,381,356
6604400,632,50,209
4077120,120,274,124
31563564,127,417,596
70898968,596,203,586
15069452,274,214,257
1620,9,6,30
1449,3,21,23
2052,9,12,19
4116,28,21,7
14040,18,30,26
12180,14,29,30
11500,25,23,20
1350,25,3,18
3248,14,29,8
30,5,2,3
2262,3,26,29
252,21,12,1
4200,25,12,14
1040,2,20,26
14256,27,24,22
1600,4,20,20
800,5,16,10
9996,28,17,21
3360,21,8,20
1053,3,13,27
12600,30,20,21
2880,24,4,30
14300,25,26,22
936,18,26,2
312,12,1,26
1848,11,24,7
5712,28,17,12
1020,5,12,17
2223,13,19,9
1152,16,4,18
3588,23,13,12
374,17,1,22
7480,20,22,17
6090,15,14,29
2233,29,7,11
280,5,8,7
8624,11,28,28
4704,21,8,28
7290,27,18,15
4032,28,6,24
168,3,2,28
242,1,11,22
572,1,22,26
483,23,7,3
3360,16,7,30
460,5,4,23
255,17,3,5
3640,7,20,26
3360,20,24,7
12012,22,26,21
11960,23,26,20
136,8,1,17
1008,18,28,2
750,5,5,30
135,5,9,3
700,28,25,1
2436,29,6,14
286,11,2,13
1800,6,20,15
1938,6,17,19
4131,27,17,9
170,1,10,17
1496,4,22,17
2160,24,6,15
3024,14,9,24
3360,5,24,28
2640,22,30,4
4284,17,28,9
2366,7,26,13
5474,14,17,23
5928,19,13,24
11466,26,21,21
252,14,18,1
480,6,16,5
528,12,2,22
204,1,12,17
2100,15,5,28
1716,6,22,13
1344,21,4,16
1188,18,11,6
6630,30,17,13
13000,25,26,20
1242,23,18,3
2880,12,12,20
2436,12,29,7
1782,27,6,11
260,13,1,20
3872,11,16,22
1530,17,18,5
9450,25,14,27
3190,29,11,10
15180,22,23,30
6375,17,25,15
39,1,13,3
9072,16,21,27
1350,18,5,15
4914,13,21,18
392,14,7,4
5016,11,24,19
1104,23,8,6
4784,16,23,13
1444,19,4,19
4732,28,13,13
3536,8,26,17
990,6,15,11
11232,27,16,26
2210,17,5,26
600,10,10,6
392,7,2,28
2430,5,18,27
4760,28,10,17
1482,13,19,6
4950,25,9,22
1680,28,20,3
4620,30,14,11
2277,11,23,9
7776,18,16,27
18225,27,27,25
3600,12,25,12
696,24,1,29
5082,21,11,22
240,6,10,4
2470,10,13,19
3780,10,27,14
896,28,2,16
5187,13,19,21
1288,8,23,7
832,2,26,16
1380,23,4,15
540,4,9,15
5220,10,29,18
2730,26,5,21
960,16,15,4
2700,5,30,18
4350,5,30,29
8294,13,29,22
700,2,14,25
9280,16,29,20
252,21,3,4
6555,23,19,15
5292,28,7,27
850,17,25,2
12673,23,29,19
1360,8,17,10
5400,9,24,25
540,9,20,3
810,3,30,9
3990,10,19,21
320,4,8,10
68,17,4,1
2688,24,8,14
3080,7,20,22
1305,9,29,5
480,20,4,6
884,4,17,13
9000,12,30,25
3328,13,16,16
17640,21,28,30
630,2,21,15
2916,6,18,27
920,2,23,20
2028,3,26,26
2600,20,10,13
1428,4,21,17
8160,17,30,16
360,20,18,1
72,1,6,12
5940,30,11,18
3168,24,22,6
105,1,15,7
448,16,7,4
6160,22,28,10
6552,24,21,13
350,25,7,2
1449,7,23,9
4160,10,26,16
1638,13,14,9
9044,28,17,19
3952,26,8,19
2856,8,21,17
2618,17,14,11
4500,18,10,25
7560,28,10,27
5600,28,25,8
90,15,3,2
966,21,23,2
2223,19,13,9
1836,9,17,12
4466,29,14,11
198,3,11,6
513,19,9,3
2730,13,7,30
6600,15,20,22
3520,11,20,16
6500,13,25,20
2288,22,4,26
6864,26,22,12
8580,11,30,26
812,7,4,29
4641,21,17,13
2880,9,16,20
1265,5,23,11
2142,17,6,21
972,6,18,9
4620,11,20,21
10640,19,28,20
190,5,2,19
4320,30,16,9
1536,8,12,16
8352,18,16,29
480,10,8,6
460,5,23,4
15120,24,21,30
228,12,1,19
10164,22,21,22
126,6,3,7
18270,29,30,21
54,2,3,9
8400,20,20,21
1875,25,5,15
3850,25,14,11
1078,14,11,7
3600,20,18,10
580,29,2,10
6264,29,24,9
6480,10,24,27
10560,16,30,22
6885,15,17,27
1680,7,24,10
1260,2,21,30
550,10,11,5
600,4,30,5
150,3,2,25
8160,20,17,24
1980,6,15,22
675,3,25,9
2160,8,18,15
1248,13,8,12
6264,29,12,18
1794,3,23,26
900,30,2,15
1700,20,5,17
8360,19,22,20
2340,6,30,13
2016,16,21,6
13440,30,28,16
500,2,10,25
3808,17,8,28
13832,28,19,26
1794,23,26,3
702,13,3,18
810,18,9,5
3600,15,10,24
9520,20,28,17
8775,27,25,13
4524,13,12,29
392,14,2,14
216,4,18,3
3328,16,13,16
240,2,5,24
3192,19,6,28
720,18,10,4
238,14,1,17
720,12,2,30
6720,20,16,21
3312,12,23,12
224,7,8,4
600,30,20,1
406,7,29,2
684,19,18,2
11500,23,20,25
1800,6,25,12
60,15,1,4
12852,27,17,28
1020,17,20,3
576,4,24,6
128,4,4,8
2400,24,5,20
1408,22,8,8
3770,10,13,29
1440,6,20,12
3016,29,26,4
1080,3,12,30
9000,20,25,18
6075,27,9,25
5049,27,11,17
462,21,22,1
1200,10,15,8
3120,8,30,13
12,3,2,2
5040,6,30,28
435,15,29,1
7695,15,19,27
594,11,2,27
408,2,17,12
196,7,28,1
5460,21,13,20
2880,6,16,30
4032,28,6,24
8280,30,12,23
1200,8,6,25
700,25,4,7
6750,25,10,27
7020,26,10,27
9750,26,25,15
8505,21,27,15
3600,15,30,8
4368,12,26,14
684,19,9,4
828,6,6,23
936,18,2,26
870,29,2,15
2128,19,4,28
360,9,10,4
840,30,7,4
6804,21,18,18
13440,30,16,28
240,10,1,24
1440,24,3,20
672,28,8,3
1400,10,10,14
6000,20,15,20
2340,13,12,15
7047,27,29,9
2244,11,12,17
1472,8,8,23
112,7,16,1
3150,18,25,7
1440,16,18,5
2520,21,24,5
8892,18,26,19
216,6,18,2
2176,8,16,17
234,26,1,9
1768,17,26,4
3150,7,25,18
700,1,28,25
3795,15,11,23
3128,23,17,8
672,14,2,24
3120,16,15,13
12096,24,24,21
2016,8,28,9
1680,4,28,15
288,8,2,18
360,20,1,18
1092,13,21,4
14790,17,29,30
840,14,30,2
2800,10,14,20
440,4,5,22
4680,13,12,30
1360,5,17,16
1260,30,21,2
102,2,17,3
24,4,3,2
10500,14,30,25
7830,29,30,9
16588,22,26,29
4620,15,11,28
1120,14,5,16
40,1,10,4
12852,17,28,27
1188,22,27,2
7047,9,27,29
7,1,1,7
4940,20,19,13
3360,14,16,15
27,1,3,9
171,1,19,9
4590,9,17,30
520,10,4,13
728,4,13,14
672,3,28,8
1620,12,5,27
1840,8,23,10
4032,8,24,21
900,12,15,5
117,3,3,13
3780,9,15,28
188937111,529,869,411
60264000,600,135,744
86630400,768,940,120
187474980,682,294,935
284397894,954,661,451
70047450,534,225,583
29498000,1000,43,686
32376420,470,129,534
114596400,888,445,290
146717568,848,324,534
26643012,766,527,66
85518568,787,289,376
70380000,765,250,368
111464964,806,591,234
72599910,337,501,430
52167375,533,675,145
103295808,548,238,792
171769000,200,905,949
5120640,672,381,20
95316000,507,376,500
59123025,145,615,663
385836464,676,586,974
1174400,25,128,367
5399940,602,299,30
13595300,92,257,575
356345080,455,892,878
219663290,346,679,935
11124054,487,81,282
72856410,319,993,230
229208040,738,586,530
57947400,180,490,657
268343978,938,547,523
212752956,716,401,741
112239270,442,513,495
122132010,539,455,498
80416976,788,823,124
11925840,629,948,20
109192408,598,382,478
6845536,142,184,262
187632670,509,386,955
271477710,630,601,717
166792184,559,494,604
214404192,774,696,398
157703040,393,440,912
252486000,450,830,676
509736000,536,951,1000
88562565,195,801,567
265510656,428,718,864
38853540,135,844,341
49055196,354,359,386
4399626,178,321,77
3315780,45,169,436
356333175,825,459,941
270069800,665,572,710
1809984,857,528,4
392582580,669,740,793
25444716,578,506,87
46598400,809,800,72
49841880,619,671,120
76509318,502,303,503
266753417,883,721,419
3981042,107,54,689
178925895,317,999,565
74480,140,7,76
10046325,145,93,745
172270644,874,798,247
15433425,287,717,75
158101632,832,621,306
193890060,273,798,890
92678040,861,184,585
354461184,693,576,888
194317860,451,516,835
9512316,157,153,396
21280968,356,123,486
3737460,501,746,10
13458750,485,74,375
2777040,665,174,24
115286080,535,296,728
33404904,104,801,401
202447128,852,703,338
109688835,157,705,991
11035879,647,37,461
5912010,155,489,78
36010548,218,171,966
476462448,886,679,792
44456360,107,940,442
186812880,708,395,668
29056008,488,267,223
30513574,557,559,98
106459188,157,726,934
112716116,149,758,998
162870,89,183,10
29893650,617,850,57
107281842,947,239,474
25473350,146,997,175
52206300,475,774,142
19186200,646,45,660
5285027,101,781,67
234918000,421,600,930
399549332,637,673,932
45555461,233,901,217
454775760,890,906,564
8569275,935,235,39
184594380,977,705,268
169475040,544,903,345
81458496,681,623,192
2493120,672,371,10
46777472,581,544,148
46054360,470,262,374
260492190,595,786,557
159534144,654,528,462
112401783,431,743,351
848478400,970,994,880
161451444,497,759,428
5633766,57,578,171
22234095,103,585,369
68605280,823,521,160
14671800,117,836,150
7060716,564,107,117
329904468,927,631,564
90705825,175,729,711
40330032,764,318,166
136081134,294,651,711
214584370,679,442,715
6424821,267,39,617
53273991,177,613,491
47338025,437,175,619
50660148,503,154,654
142380912,683,516,404
5988424,71,104,811
538411968,874,837,736
159391540,580,581,473
24913440,146,632,270
473571954,842,563,999
109402755,385,869,327
48026104,994,257,188
451747800,999,760,595
3819798,19,657,306
51447264,412,946,132
367722068,989,542,686
4624800,410,12,940
239776940,806,710,419
895387194,989,949,954
11048400,620,66,270
64807552,932,212,328
617597046,753,946,867
515358720,932,576,960
288530,43,55,122
122452050,210,839,695
64420412,838,238,323
21305196,201,242,438
60150752,503,296,404
114184224,228,542,924
153339456,408,862,436
28359651,797,409,87
354872700,780,619,735
17537112,74,454,522
108902640,426,830,308
24222819,849,103,277
19697608,922,98,218
102780010,895,134,857
8452095,37,485,471
642975684,908,813,871
238799340,351,986,690
5804640,10,696,834
86591680,172,560,899
365381478,426,987,869
29694028,194,182,841
15486660,630,723,34
3674880,464,440,18
227850120,718,774,410
2748320,772,356,10
292194212,919,404,787
24435840,65,384,979
598752,9,504,132
41561100,733,405,140
263818760,941,860,326
60520320,632,140,684
12129810,979,42,295
219635445,641,795,431
100096242,491,366,557
40608000,141,576,500
29750448,278,312,343
38755584,648,112,534
16793790,745,39,578
1003086,419,114,21
69443955,779,283,315
219250800,804,606,450
250923400,442,811,700
16902792,138,177,692
148245240,264,815,689
56462045,905,89,701
126339345,685,253,729
2250963,9,689,363
280348992,693,448,903
250059740,470,854,623
27571090,302,95,961
285901000,869,875,376
141902640,874,396,410
49423542,707,382,183
29748510,906,199,165
292475400,525,839,664
50920155,533,165,579
97261632,936,124,838
2543604,21,566,214
205658647,883,283,823
79472998,913,142,613
473222000,820,725,796
55265532,294,926,203
41363850,363,530,215
74589702,194,671,573
41447200,515,160,503
31021536,624,67,742
99097185,769,605,213
948416,7,584,232
18378080,976,35,538
37565560,524,670,107
8292664,613,356,38
75026688,214,498,704
17561128,838,124,169
7309575,255,35,819
4991434,14,371,961
8046764,398,919,22
32243616,557,402,144
458076168,876,834,627
4769296,194,28,878
190394152,953,884,226
56844408,804,106,667
147680540,236,665,941
27979002,73,398,963
32626160,343,656,145
673533432,726,988,939
332013549,543,791,773
116244324,356,639,511
339906738,906,761,493
297867584,404,812,908
20288295,183,389,285
131664960,933,147,960
230919084,653,627,564
7027965,603,35,333
3163082,19,674,247
16701266,394,97,437
9922088,88,137,823
16260192,202,86,936
209375136,747,461,608
53122824,414,204,629
2516850,51,94,525
20577888,36,612,934
356919066,551,954,679
538221600,720,905,826
649012920,907,804,890
51425010,161,845,378
200793632,676,347,856
236608008,827,364,786
82189436,469,454,386
30639196,778,203,194
2056176,131,18,872
89446192,446,946,212
131529040,530,268,926
73910016,256,867,333
3082000,250,46,268
2932848,438,54,124
36779652,273,327,412
503604640,574,880,997
138550022,598,523,443
62769920,380,356,464
35683200,944,210,180
176563569,961,673,273
11966000,20,772,775
41600000,625,160,416
470290108,778,773,782
83112421,659,419,301
2447760,282,434,20
8054592,78,112,922
161310270,253,795,802
148977360,826,835,216
38118600,351,543,200
314333740,914,595,578
13811200,166,400,208
61023600,506,670,180
228151050,867,950,277
75709272,842,254,354
158388048,474,476,702
78188992,592,371,356
2697240,910,494,6
322513408,841,749,512
64290642,494,213,611
60507062,451,259,518
202564185,509,617,645
20932875,75,345,809
353034240,512,780,884
470017737,927,641,791
21498708,231,878,106
330748180,953,938,370
398874905,715,977,571
75394046,713,182,581
5306928,92,418,138
116668011,683,587,291
125861669,907,193,719
584000000,730,1000,800
70083650,365,422,455
4981152,979,636,8
13742456,301,104,439
6434466,51,199,634
275504810,422,811,805
542792448,968,864,649
96831987,343,677,417
194743483,929,649,323
2164428,7,409,756
3914442,126,661,47
2150800,283,20,380
102850560,864,480,248
367676400,560,845,777
536881433,851,913,691
69027650,850,281,289
146350380,506,930,311
536267520,960,789,708
306705,161,127,15
4548258,247,558,33
242062392,562,753,572
5453210,310,49,359
11572782,101,338,339
1196850,5,505,474
222141276,807,339,812
47595912,228,962,217
12876864,44,804,364
80951400,789,200,513
47388907,127,779,479
55074624,586,352,267
95742045,285,357,941
620644552,902,961,716
1127064,906,2,622
35051296,167,937,224
119572425,651,237,775
2217760,668,20,166
47741967,889,663,81
35405100,225,188,837
24107580,190,171,742
17147650,50,481,713
13337550,277,225,214
84735680,397,580,368
22380575,475,371,127
115458372,324,773,461
9556416,423,353,64
244873125,691,675,525
206041752,609,666,508
3829408,506,44,172
16721100,563,66,450
118781088,744,167,956
229864635,455,693,729
46757888,316,256,578
20637608,536,277,139
23034600,201,300,382
56892915,115,657,753
100597742,743,266,509
11493552,168,866,79
395203872,744,854,622
472008345,991,843,565
298563435,835,369,969
119720160,214,999,560
173113200,780,411,540
58570281,379,669,231
73225404,959,252,303
590382000,841,900,780
43285914,63,882,779
152448048,804,458,414
156041600,992,260,605
78047093,229,499,683
130822020,212,945,653
204088500,770,558,475
435786080,688,653,970
72462780,537,865,156
21780264,187,184,633
6740640,906,744,10
82436117,779,989,107
49946624,938,512,104
161993552,854,362,524
114659600,242,575,824
9785800,433,452,50
158144544,656,681,354
17611776,416,882,48
140389740,410,918,373
15028200,605,30,828
614552794,622,991,997
343502748,687,774,646
14105520,234,440,137
4183888,58,127,568
35149448,932,218,173
67806923,347,743,263
218178324,846,763,338
26014500,141,750,246
73876224,321,464,496
8396112,633,16,829
4968154,118,71,593
343082780,790,482,901
85965948,444,639,303
148551348,627,971,244
136862684,329,716,581
351529552,698,776,649
104230200,223,570,820
45684660,70,758,861
206356956,403,852,601
13101984,388,84,402
216897450,550,633,623
39892248,964,66,627
123430560,194,964,660
128429792,184,844,827
302906,59,17,302
56374800,862,200,327
47935680,230,624,334
579674277,793,861,849
57920904,408,599,237
295335936,512,763,756
397393920,704,630,896
33159252,329,444,227
88079040,771,408,280
14294613,113,149,849
24348882,183,937,142
723669312,872,906,916
105357480,647,230,708
408301830,722,639,885
80197500,375,289,740
20074236,124,593,273
75730950,813,414,225
1215900,252,5,965
51183090,405,306,413
12823272,924,257,54
63986208,632,354,286
131564600,773,460,370
10073180,442,430,53
34652352,736,798,59
31079808,782,69,576
27176688,396,228,301
484772944,668,866,838
862383,853,3,337
245183400,924,305,870
42941520,190,387,584
21136500,25,915,924
42316560,468,660,137
136864000,235,800,728
199214886,741,458,587
181371454,779,418,557
37581012,334,987,114
113503680,174,864,755
53631000,118,900,505
304187562,651,509,918
1349064,18,164,457
56407104,234,864,279
13303600,200,79,842
75066264,702,532,201
221125890,633,965,362
175275100,884,721,275
23803200,480,522,95
257872000,568,454,1000
5757180,183,715,44
100559718,501,354,567
76125,29,5,525
111212623,421,697,379
58587450,950,337,183
42268800,850,192,259
41177096,151,356,766
73136128,832,536,164
31971261,469,93,733
326337060,686,505,942
14997395,259,313,185
59807160,840,243,293
78591744,616,288,443
302132700,951,706,450
47933698,569,146,577
14912928,977,144,106
22768128,976,864,27
304518390,583,690,757
1918488,473,6,676
58181475,647,327,275
25798410,253,309,330
153518925,501,515,595
83198544,572,527,276
2817360,140,39,516
830025,93,105,85
16908234,199,238,357
231262850,530,455,959
5874480,410,398,36
176241758,341,551,938
106692390,217,607,810
722568,22,46,714
152630190,783,965,202
2596055,11,385,613
19436137,707,37,743
110270720,794,560,248
12060048,251,273,176
21202236,486,66,661
229419240,326,740,951
1221672,654,2,934
7304000,166,100,440
75852,602,1,126
12124944,508,52,459
22641127,289,157,499
60011182,539,358,311
198287784,956,621,334
41245295,845,367,133
8065344,353,24,952
374645850,565,961,690
115538016,759,284,536
9912700,20,595,833
36635466,201,554,329
98886429,183,843,641
99435600,132,972,775
216925632,616,876,402
128098992,168,922,827
15481482,118,303,433
35456400,196,540,335
3707360,464,34,235
143419500,471,525,580
147543396,273,692,781
249541570,631,557,710
270162648,394,907,756
131837706,271,567,858
129306210,285,902,503
93520128,988,464,204
33517152,108,402,772
14372820,305,99,476
310588992,634,504,972
126367500,420,725,415
73381884,853,201,428
214789120,922,280,832
16647066,309,123,438
66505920,520,146,876
3738900,515,121,60
213840,1,240,891
243416184,363,872,769
309792105,867,861,415
580242325,949,661,925
211373575,755,421,665
97970796,306,441,726
25802920,130,694,286
26420072,74,574,622
318851008,797,658,608
84046725,219,645,595
21060000,120,500,351
559658184,776,933,773
198598905,835,621,383
591791616,712,999,832
145632336,816,563,317
42834740,667,169,380
22849626,46,529,939
129341968,914,532,266
370504680,980,481,786
101333112,659,298,516
147992768,448,509,649
77049864,746,342,302
448541550,783,603,950
350101752,826,572,741
242621520,548,940,471
144152316,187,874,882
21089952,786,559,48
156420945,369,745,569
44732352,996,56,802
299805545,793,415,911
59100156,828,521,137
175322400,464,825,458
7883480,38,253,820
17138400,100,444,386
267350820,895,438,682
21246085,743,215,133
146882510,619,305,778
90693600,465,460,424
172217976,331,652,798
712966098,934,897,851
27128880,246,120,919
8304912,539,856,18
390197248,878,868,512
517877538,673,926,831
15995580,46,519,670
8096504,613,104,127
145902240,302,720,671
78774498,561,522,269
76177920,436,320,546
91204170,562,465,349
122237640,532,690,333
8299424,79,536,196
1177605,5,297,793
292198638,502,773,753
36603600,660,235,236
71687616,429,224,746
17431407,203,141,609
199460898,754,399,663
46909056,604,96,809
71184568,706,364,277
1529325,971,175,9
744517638,993,899,834
37285920,840,137,324
2397000,68,50,705
3464342,353,701,14
22713972,564,103,391
264950,2,757,175
27448872,601,88,519
29490048,276,288,371
755039880,810,972,959
30602880,110,621,448
3938220,17,594,390
126513400,520,247,985
184029300,214,975,882
58942422,258,473,483
148651944,713,584,357
24123900,829,30,970
298872376,913,664,493
215515520,880,506,484
5974848,902,368,18
99913120,464,706,305
115702020,630,513,358
3194640,680,58,81
150912168,942,242,662
8114400,336,966,25
49378888,104,967,491
78418620,523,476,315
409540704,834,653,752
47440728,716,162,409
31173408,282,752,147
69121624,923,851,88
49320744,908,66,823
580033404,867,788,849
535335360,938,984,580
53218095,511,265,393
480996480,758,661,960
64025796,668,129,743
22423040,380,128,461
167008416,562,302,984
32343300,810,121,330
16625745,211,309,255
211853424,626,708,478
135772200,324,578,725
238852476,606,811,486
173158076,989,676,259
89908920,918,166,590
170985492,573,972,307
95487870,985,151,642
304354688,352,946,914
3589740,9,518,770
13804830,351,437,90
237509160,653,420,866
212455958,806,773,341
1069593,961,159,7
5246038,269,98,199
754777368,876,881,978
162499680,705,686,336
443180766,694,987,647
16666496,532,176,178
293397392,652,589,764
106618006,673,379,418
64978848,86,891,848
82822740,462,455,394
60733432,529,127,904
73084800,368,993,200
224213584,574,622,628
233202695,355,979,671
8483888,359,211,112
130372616,596,671,326
52899000,916,154,375
5120766,114,63,713
1320543,137,27,357
30848400,855,902,40
356592,8,646,69
197312492,299,722,914
23342914,626,761,49
27970920,801,485,72
46784,34,86,16
68052096,776,504,174
4747200,24,200,989
37030770,135,311,882
125469696,376,352,948
42411600,792,119,450
217339200,810,312,860
18189612,38,609,786
27501760,220,208,601
107926956,822,158,831
73006920,999,360,203
55272672,481,684,168
167038200,630,491,540
323066880,760,738,576
90822272,302,592,508
121458670,491,853,290
553520,407,40,34
8326080,735,59,192
75840324,779,427,228
10867500,250,621,70
155410906,578,497,541
40487898,913,389,114
65044980,231,741,380
42104475,399,525,201
151121373,523,403,717
57382038,301,623,306
45561600,280,240,678
2840376,28,159,638
360030720,740,896,543
781557660,885,884,999
58755060,510,182,633
19800560,964,316,65
740311980,865,876,977
114469500,670,670,255
116477949,307,609,623
63785280,304,780,269
297136026,573,873,594
447286000,743,700,860
80900544,956,328,258
14105790,73,339,570
217087772,737,422,698
250750752,958,779,336
134149431,793,321,527
143477412,586,559,438
1908550,175,38,287
84645225,525,241,669
70011136,218,386,832
54823042,613,194,461
240379650,915,270,973
87961536,272,468,691
238424256,857,432,644
4984000,40,175,712
44897328,808,378,147
205995480,843,745,328
191393446,493,389,998
27844096,544,914,56
95508492,831,236,487
77414844,236,507,647
84164808,273,866,356
50565900,398,175,726
455316435,981,745,623
133518924,686,983,198
17654390,139,977,130
164276010,557,522,565
208607720,365,796,718
432402300,891,575,844
111521664,488,621,368
52222104,709,198,372
156695700,434,830,435
360669555,695,981,529
21430584,84,421,606
236753376,879,886,304
89445440,292,547,560
43603784,383,152,749
233897472,579,789,512
295639050,511,665,870
125839440,207,816,745
46127718,351,147,894
33550342,271,518,239
124291920,388,570,562
42503232,248,772,222
4492320,40,764,147
42165900,207,291,700
12615696,24,954,551
41083152,759,796,68
68584320,135,672,756
21136640,337,784,80
94517808,749,264,478
104222065,653,233,685
7953552,722,153,72
15883830,890,27,661
21847525,917,25,953
314721750,794,755,525
40612296,58,989,708
450298240,865,896,581
25726140,639,66,610
24945570,46,927,585
318212748,802,469,846
8301150,715,135,86
425250,45,25,378
117061525,505,259,895
172200960,720,296,808
20782944,117,224,793
167277000,370,822,550
29472000,250,614,192
316449798,867,841,434
183162984,552,853,389
29170914,537,157,346
86675520,188,680,678
141561000,642,250,882
1861416,753,309,8
9492000,226,112,375
329945,55,857,7
68807502,801,834,103
505284574,697,841,862
6639360,26,840,304
30615840,90,373,912
96098301,533,603,299
472678200,813,950,612
44778000,439,102,1000
333440640,960,438,793
7751184,59,483,272
71073384,718,226,438
15760008,594,737,36
18910320,26,957,760
374767008,968,924,419
7742250,370,775,27
12153600,50,288,844
50735700,171,860,345
17315840,304,356,160
89025222,817,762,143
15376500,765,67,300
14091980,217,340,191
225108,4,481,117
1327562,487,29,94
79020879,721,357,307
137903150,473,350,833
627020622,797,857,918
20593560,195,307,344
65225736,191,527,648
70129800,222,900,351
67469312,256,568,464
179549720,490,404,907
26214375,125,465,451
36745719,303,173,701
107465616,606,821,216
42745760,160,433,617
31334724,171,244,751
200637360,441,605,752
94152804,159,934,634
135496368,692,252,777
230949845,665,659,527
62070360,797,708,110
30870246,363,101,842
58285656,78,918,814
17369228,193,298,302
109367375,481,535,425
8576730,233,45,818
54378900,555,284,345
314947108,634,959,518
14740650,895,610,27
332777060,770,769,562
5104008,36,779,182
337342482,613,711,774
48775363,221,769,287
146916146,754,719,271
300703260,858,505,694
183624756,708,553,469
14321934,27,846,627
62258742,597,573,182
17316000,312,148,375
61407135,615,249,401
35741396,388,251,367
107421912,129,884,942
10271250,625,913,18
3552500,490,250,29
153024783,883,947,183
244817850,815,527,570
14757904,161,674,136
1676584,658,13,196
32431104,576,276,204
28198912,56,896,562
231220320,379,820,744
47432448,519,816,112
105211983,317,951,349
7810860,145,201,268
12713023,349,499,73
207980696,973,308,694
285021724,611,556,839
258493965,841,465,661
527904,94,72,78
3341260,923,362,10
54369315,255,781,273
2250710,10,869,259
96694752,762,176,721
410328594,747,962,571
210621060,876,411,585
291192720,804,796,455
224333886,777,599,482
5666147,229,109,227
6145330,10,629,977
461490640,740,871,716
341539116,849,617,652
297212490,470,633,999
406824,402,506,2
169231706,422,413,971
56223150,565,642,155
134409002,827,266,611
147442020,773,660,289
424910224,934,584,779
20823160,290,116,619
273067712,928,334,881
477126936,741,792,813
85558264,397,632,341
448010514,579,801,966
52357500,895,130,450
24175368,708,271,126
531444460,739,877,820
477840384,823,756,768
94966560,356,285,936
6828276,13,546,962
21519375,575,499,75
12211680,624,190,103
43692544,668,511,128
126335040,573,832,265
71056667,107,803,827
424525374,993,754,567
354670488,477,898,828
119357000,850,238,590
32090688,126,758,336
135564800,356,680,560
266251349,841,923,343
4108864,109,589,64
41361171,321,479,269
104728596,647,987,164
36015864,732,337,146
62186544,952,382,171
119963028,222,997,542
272707575,925,707,417
63414780,195,778,418
100356432,934,148,726
39313890,135,854,341
132096800,220,883,680
160395984,899,472,378
30471740,65,503,932
19455240,69,380,742
44526424,641,457,152
741860,28,35,757
488443536,826,774,764
414337791,721,669,859
13632000,142,750,128
274584960,386,741,960
253084608,784,378,854
319426170,706,695,651
290535840,861,592,570
8031140,92,395,221
184561416,702,402,654
16979160,40,627,677
46176515,371,365,341
30667030,919,71,470
5845350,879,35,190
414457212,754,634,867
31128384,532,159,368
402096074,977,778,529
399858732,507,916,861
35077460,415,452,187
41554935,615,101,669
139149395,319,605,721
132132852,327,453,892
33630720,302,464,240
410958984,964,454,939
165699135,555,677,441
3449160,65,268,198
366428880,587,765,816
7325220,60,749,163
74157930,410,609,297
54013072,548,601,164
192272400,570,360,937
192371200,904,800,266
1938420,165,534,22
523248751,947,673,821
15062040,139,420,258
205441515,477,765,563
6708744,459,261,56
129333040,464,535,521
56249424,356,532,297
4383885,33,163,815
47663000,619,308,250
20193654,157,194,663
84051232,394,268,796
51057216,324,201,784
396858900,556,775,921
108840732,231,884,533
118133136,306,856,451
186048,114,408,4
147266,7,157,134
60463032,137,568,777
7716561,61,849,149
23516928,384,346,177
260363160,918,489,580
389804928,872,804,556
8631648,136,492,129
806225976,873,964,958
200045604,498,418,961
3850812,413,18,518
47208150,150,363,867
33919956,574,201,294
208580856,438,869,548
147716380,706,610,343
244514160,753,990,328
59522976,904,531,124
100814704,989,277,368
226582,1,386,587
19636825,575,37,923
3310398,611,7,774
825965910,990,861,969
122161890,691,830,213
19499412,79,402,614
53864514,594,543,167
196583112,634,396,783
633080000,980,680,950
40976730,93,773,570
9874183,781,47,269
63401682,563,411,274
53504000,209,256,1000
67323300,506,887,150
22588461,131,207,833
47003712,492,112,853
99180180,354,566,495
184545756,852,369,587
225394992,387,818,712
79599828,831,311,308
65175480,180,919,394
23357004,834,209,134
172576680,982,580,303
283982508,941,909,332
609744240,823,840,882
62671044,114,874,629
6267170,485,13,994
60306400,100,623,968
267778875,475,735,767
87439041,459,197,967
605895930,837,758,955
24168375,279,275,315
11745864,94,702,178
41156217,433,531,179
18713674,178,653,161
62390272,512,544,224
27193950,534,105,485
4751708,23,274,754
772045917,977,879,899
20933940,227,145,636
98874630,881,258,435
173420570,278,895,697
10956792,49,968,231
88528440,858,154,670
56171024,446,692,182
2525472,333,12,632
18284064,566,48,673
36693616,431,136,626
15474816,448,342,101
96981120,596,240,678
272011376,823,454,728
659616048,936,987,714
37270626,201,278,667
27124658,541,86,583
27960975,105,433,615
5200308,807,9,716
524060394,682,793,969
153680844,654,293,802
172577442,662,339,769
1927926,99,182,107
5602016,562,14,712
48366240,184,390,674
54930064,532,622,166
129129633,963,951,141
9811396,812,43,281
614178744,886,732,947
466001577,853,601,909
289509423,911,777,409
31418616,219,908,158
732600,22,150,222
715383000,1000,909,787
322674107,367,889,989
124204416,656,343,552
58795176,253,421,552
265092940,644,665,619
159846400,892,512,350
172623776,656,377,698
32981520,620,132,403
125616960,837,938,160
222798240,434,828,620
97774824,742,278,474
119262210,174,815,841
159028520,173,938,980
7914654,71,198,563
436041144,616,971,729
43756020,726,210,287
274572720,802,951,360
66992192,184,641,568
44110440,705,474,132
35115066,147,414,577
32904453,723,71,641
23925902,481,154,323
76657590,90,969,879
80597296,863,104,898
26462282,241,434,253
7336472,22,689,484
311986350,725,702,613
511776954,871,837,702
634871700,813,950,822
9766610,287,205,166
27946560,677,344,120
93419244,558,639,262
14885100,149,185,540
11533850,389,50,593
89804540,389,970,238
245805771,509,557,867
251953740,783,372,865
132424665,887,185,807
86005530,458,585,321
108734283,171,931,683
2672325,333,15,535
3413772,73,433,108
73670850,738,121,825
390699660,643,741,820
11071012,61,578,314
291844350,890,945,347
2779860,6,535,866
98949312,582,276,616
17601792,52,688,492
1572480,105,48,312
55312254,102,801,677
107438240,628,658,260
26378946,131,226,891
6911712,72,932,103
437920455,665,967,681
15211680,528,430,67
162182108,857,374,506
92285874,554,249,669
121939200,365,360,928
12458226,46,957,283
62213892,852,533,137
16015104,662,189,128
115250940,438,735,358
124074412,958,638,203
103844160,595,864,202
893846,94,37,257
83478536,823,409,248
93391600,145,970,664
44525328,524,582,146
10897536,78,296,472
13501440,720,64,293
5358848,11,692,704
83554340,758,730,151
408179772,693,611,964
96255720,440,223,981
26144160,502,620,84
28274372,49,797,724
57247204,434,202,653
103292540,529,260,751
285090,258,221,5
27178410,85,966,331
45203935,763,289,205
27479584,151,968,188
51932520,724,90,797
215570118,958,701,321
65019870,387,265,634
13962468,962,59,246
22567410,502,243,185
90813744,509,378,472
14694400,128,574,200
470734644,762,619,998
10750656,304,842,42
1239102,41,438,69
323088,127,53,48
258315571,829,463,673
27380287,737,97,383
503272472,839,776,773
92171520,192,635,756
9636192,171,96,587
397385,89,893,5
119341040,388,845,364
106084512,617,796,216
15245664,463,112,294
235209135,581,591,685
28554750,210,147,925
111359836,874,958,133
650629980,897,942,770
332004000,1000,379,876
16542360,204,795,102
5847516,103,57,996
87319752,221,808,489
14040810,782,513,35
193840128,864,984,228
61316124,687,842,106
41494656,359,448,258
73190232,916,193,414
118062756,441,527,508
8299800,116,270,265
343573080,843,886,460
52463565,231,309,735
64398870,233,666,415
78127392,464,266,633
205993200,537,700,548
11522280,215,203,264
44479484,511,463,188
34749000,198,675,260
84246048,694,216,562
3167424,72,72,611
24813705,35,843,841
7505192,83,508,178
142204750,775,590,311
114330528,624,486,377
22203972,994,153,146
133172290,919,430,337
9286420,955,143,68
34316864,848,67,604
9030,21,43,10
319218284,868,499,737
27635790,191,210,689
113683200,992,191,600
99789354,119,879,954
191078606,911,398,527
131154244,533,271,908
58660416,818,72,996
46499904,179,704,369
102874100,523,562,350
244545560,452,826,655
152150400,900,288,587
86198904,891,232,417
306319680,930,438,752
33382944,504,116,571
2023120,121,440,38
1361415,407,669,5
52700580,965,444,123
6833008,676,76,133
39248781,191,479,429
362704860,590,697,882
292046040,549,806,660
332363772,806,739,558
92017296,414,686,324
106310400,452,300,784
8756766,411,402,53
436111104,627,988,704
33534684,302,597,186
96753540,761,130,978
313794880,707,730,608
9456480,33,597,480
2945376,974,27,112
169088391,477,513,691
93264000,480,290,670
33241950,305,346,315
4915154,523,37,254
2080144,16,583,223
7872480,288,385,71
219176295,519,445,949
146955000,625,776,303
481456200,538,950,942
129993210,555,618,379
31350920,310,262,386
67694427,293,387,597
58550272,368,176,904
15609240,90,388,447
98201250,522,875,215
138879432,244,921,618
53594016,461,336,346
68964690,215,579,554
153584562,722,291,731
2952600,420,37,190
9681552,219,48,921
309664568,743,883,472
1113700,148,35,215
116550000,259,450,1000
41509600,352,265,445
447132114,813,858,641
16099200,195,120,688
24906112,418,532,112
40826016,264,789,196
184641644,484,439,869
4044546,297,619,22
191607312,559,386,888
2746804,103,59,452
23518600,856,785,35
266638400,895,760,392
41769120,692,503,120
40824000,945,960,45
28645000,1000,337,85
1015542,223,11,414
100550160,263,540,708
36348907,799,469,97
142438725,855,715,233
149575620,899,236,705
434070,742,585,1
81584760,652,215,582
439040,4,245,448
30037392,774,198,196
155218076,299,557,932
58998976,136,514,844
6261948,54,502,231
65541960,405,613,264
194426240,608,542,590
181683320,494,710,518
19664760,103,222,860
57142800,594,370,260
10620883,13,919,889
86931200,544,170,940
5261328,641,684,12
2158506,7,926,333
391316994,863,486,933
92629600,695,595,224
307245150,535,709,810
136476109,329,473,877
50829376,307,416,398
227161690,602,815,463
72474528,213,434,784
125364375,375,969,345
5344620,951,281,20
133826616,478,396,707
283491558,511,714,777
132825420,204,819,795
79334855,337,239,985
171678005,895,433,443
178813332,937,589,324
91913760,710,261,496
53460160,724,142,520
76193040,868,798,110
57379894,242,299,793
2584000,323,10,800
21968370,58,443,855
5799346,118,59,833
26957700,389,660,105
179189550,522,575,597
438410448,588,894,834
80815560,89,966,940
382933980,715,972,551
11627014,14,833,997
104834956,454,439,526
524701872,684,986,778
85233960,210,596,681
34168230,129,545,486
181656322,697,302,863
212310280,511,680,611
14126400,300,981,48
306095725,611,725,691
30731460,545,222,254
8198541,79,117,887
287199792,933,363,848
1720428,6,467,614
41511525,165,335,751
37302720,784,915,52
312544640,860,554,656
14234440,44,935,346
182283112,968,323,583
85541344,404,266,796
93220728,723,908,142
13908930,619,214,105
7960896,612,542,24
7430700,47,465,340
29290500,849,46,750
73479168,384,714,268
92063400,572,725,222
494290284,866,753,758
3639440,388,140,67
525630640,995,964,548
889108920,980,951,954
55017472,512,146,736
4506579,929,63,77
24245424,201,336,359
45239850,207,930,235
113884710,710,381,421
112672088,922,548,223
128084996,377,541,628
42483144,638,716,93
121019400,730,614,270
128142870,249,971,530
54611088,321,686,248
382295836,788,871,557
300090375,425,765,923
160814100,475,356,951
10844055,397,607,45
61388012,173,667,532
32712444,54,607,998
223901532,393,591,964
13784832,558,193,128
11088495,209,655,81
15499008,124,126,992
367524135,535,771,891
312203745,735,537,791
166934505,895,787,237
21447124,526,551,74
61895036,686,458,197
79801488,907,141,624
79576320,272,690,424
38077884,962,54,733
132192918,351,583,646
155884288,731,896,238
526091328,976,651,828
7061364,433,108,151
2878134,139,493,42
439725132,693,836,759
159331025,635,749,335
151083072,636,606,392
119677943,539,629,353
46643200,911,800,64
16618232,593,31,904
507521640,995,636,802
93190032,743,804,156
131051520,632,216,960
91220352,582,632,248
336490437,381,893,989
256675110,753,766,445
8976348,18,851,586
48683700,390,438,285
71319990,239,343,870
68840900,188,755,485
64791756,596,141,771
337473,431,261,3
28402920,714,180,221
98677062,198,613,813
125852400,645,813,240
87241600,274,995,320
60515070,737,210,391
23177088,48,649,744
33772790,397,905,94
598972080,795,868,868
81539136,504,214,756
12601666,473,154,173
278705700,615,581,780
277103648,944,926,317
60735870,481,610,207
286975556,868,511,647
189878943,641,879,337
243404352,888,972,282
229145280,688,732,455
119839986,487,279,882
163713900,350,602,777
248242995,501,605,819
100666486,298,527,641
125147511,639,423,463
72582228,218,954,349
673817375,803,875,959
453523782,809,802,699
31890860,206,274,565
59518800,594,120,835
418390030,815,907,566
143261664,713,897,224
161221762,634,631,403
75191700,953,526,150
283037000,500,766,739
3375540,108,47,665
75343968,304,294,843
132754545,473,891,315
394572750,566,715,975
9824045,17,665,869
61785360,984,390,161
122394580,979,940,133
10168944,69,302,488
5326722,753,393,18
74064375,513,275,525
213545148,951,292,769
135155456,752,188,956
1652400,810,3,680
12281922,459,34,787
37118718,78,731,651
46021040,884,137,380
27236340,449,337,180
201705168,898,382,588
139402368,293,504,944
14548545,909,97,165
26922753,171,429,367
26921940,362,402,185
4830030,603,890,9
215279064,308,927,754
202125924,869,234,994
243656100,925,324,813
733978032,964,947,804
13254150,971,65,210
1996800,80,39,640
169006500,642,270,975
183457659,959,527,363
66011400,507,186,700
17735550,381,266,175
494796952,668,919,806
89812800,675,231,576
238672008,839,648,439
23462400,416,141,400
4612272,592,159,49
9503208,676,213,66
31331776,784,194,206
36155670,463,411,190
55509930,426,511,255
128253083,997,391,329
12962622,107,331,366
112329750,205,650,843
43954176,511,672,128
44163840,128,530,651
91368693,923,647,153
316030000,676,500,935
294016545,855,937,367
179247220,257,860,811
38814246,542,981,73
83430291,911,147,623
273648760,451,770,788
96823784,314,508,607
530984640,860,677,912
87174738,542,483,333
401034738,834,787,611
210642440,955,316,698
3195887,29,193,571
141863064,366,889,436
90843648,994,119,768
12998272,163,356,224
399089832,722,876,631
109219180,460,749,317
55110668,391,167,844
231596500,479,500,967
35535920,644,890,62
127204581,427,597,499
112537125,225,599,835
27408150,565,63,770
28514000,265,269,400
329039250,425,985,786
132941952,702,538,352
9904419,607,111,147
11653012,203,508,113
1341198,459,974,3
1777860,765,83,28
369044676,637,924,627
4400448,172,328,78
403533735,941,759,565
71343090,315,562,403
162199584,972,408,409
32616648,254,369,348
6904080,669,60,172
97999500,948,125,827
17518725,175,441,227
216320544,843,432,594
308547360,946,432,755
365526,1,967,378
9526114,106,403,223
110999980,859,994,130
144105000,975,739,200
363454104,676,678,793
30452136,934,988,33
14185776,401,176,201
69299064,324,458,467
49732604,326,166,919
77716884,498,497,314
514796856,714,922,782
387662405,689,859,655
79552512,664,576,208
20457120,136,218,690
329655568,478,748,922
33214050,75,834,531
47587230,621,395,194
22566264,588,619,62
9923580,470,54,391
45782100,175,507,516
142904608,983,236,616
2651880,123,308,70
80360000,980,125,656
99263836,653,854,178
1640600,631,650,4
75315204,692,261,417
75434370,285,583,454
2262456,268,21,402
139089744,432,397,811
13253002,398,497,67
82443546,669,138,893
176204224,724,424,574
16319240,140,334,349
220222688,454,497,976
83143382,938,647,137
3790584,21,276,654
405672750,750,599,903
43122464,301,484,296
170426070,915,222,839
456728020,881,805,644
29482680,570,67,772
67208240,530,131,968
434504796,957,509,892
688100,140,983,5
97933140,970,158,639
157767680,512,620,497
148829100,786,541,350
149348892,517,798,362
8411566,898,29,323
490633200,760,797,810
112924812,374,553,546
177665136,957,656,283
227204236,938,562,431
8043840,864,38,245
1992144,308,14,462
132669156,404,411,799
799200000,1000,864,925
602462460,947,690,922
139816250,725,665,290
11943360,96,957,130
46273111,961,269,179
91509912,663,216,639
246636080,859,592,485
18661500,990,130,145
27703440,981,353,80
510818278,799,746,857
30883968,646,144,332
352973907,561,663,949
16494720,605,128,213
89953850,602,215,695
27969496,356,241,326
35869880,614,115,508
583704,201,121,24
33423071,437,187,409
758336,68,17,656
48404477,121,887,451
52492920,137,930,412
84529196,401,604,349
339807930,847,645,622
126472808,259,682,716
91116320,160,613,929
169658424,382,657,676
9201465,321,637,45
95807880,322,380,783
50595519,871,867,67
6459895,667,13,745
78185510,331,790,299
32746462,266,401,307
24528015,135,213,853
114459500,851,269,500
61429704,411,628,238
211817592,324,686,953
15007500,29,690,750
399200298,699,722,791
680064,161,528,8
15799620,214,642,115
12763872,711,816,22
60124372,869,98,706
115251656,604,358,533
584903750,953,625,982
215797184,823,544,482
287287560,424,945,717
157250580,970,246,659
6913984,184,77,488
26452650,427,413,150
23352160,109,515,416
1178310,905,3,434
102000,255,1,400
11608500,218,375,142
15360384,724,416,51
133409200,853,575,272
13472820,841,890,18
55445684,259,436,491
104917904,964,364,299
10604660,110,817,118
92308266,666,263,527
278595036,652,591,723
59900544,464,326,396
131969628,681,769,252
15638635,445,311,113
109535300,700,167,937
81914766,439,227,822
317939050,583,839,650
89408340,980,327,279
77019404,716,121,889
397066276,998,601,662
4104100,70,902,65
23519034,213,717,154
85938510,301,614,465
396799380,930,799,534
46606671,93,807,621
113649120,260,936,467
70041972,308,637,357
4517760,905,8,624
423446256,477,982,904
9231280,460,116,173
284106240,608,660,708
67580352,112,666,906
36280704,883,107,384
283782864,717,853,464
9731260,22,994,445
339028770,977,538,645
23541120,960,67,366
34812800,230,160,946
91568502,423,218,993
368170660,965,638,598
238998624,636,439,856
8361600,128,325,201
78867360,240,858,383
72028800,732,800,123
72981168,872,174,481
266078280,456,611,955
215693100,980,335,657
11242656,48,379,618
94249794,953,622,159
29138400,300,426,228
4106880,69,310,192
429872625,741,663,875
2098800,6,424,825
10420020,876,39,305
15841188,367,132,327
2783105,911,235,13
533381660,868,905,679
454860,855,76,7
13021209,93,141,993
99324288,896,981,113
244342575,405,981,615
182061750,975,355,526
93071844,821,201,564
174602160,281,863,720
230738700,877,877,300
123061746,226,699,779
292706204,821,833,428
2740577,371,89,83
125432307,693,357,507
73244736,432,213,796
395369799,561,869,811
388285950,845,901,510
5681536,238,64,373
82451382,403,366,559
15206760,797,954,20
2278500,28,125,651
393900648,921,772,554
525525936,771,904,754
196635549,913,697,309
121792692,609,289,692
207444120,338,795,772
271287576,807,406,828
115676925,273,425,997
443977446,627,974,727
10123542,78,621,209
209523652,478,733,598
66047499,249,743,357
152296704,568,784,342
75227880,166,910,498
107768052,588,921,199
284456032,574,659,752
43920384,841,96,544
445969368,643,988,702
421639680,960,868,506
298456488,821,648,561
81193890,258,557,565
343101834,727,942,501
31105470,418,615,121
62933130,361,298,585
17422020,838,270,77
173090190,355,893,546
241013264,919,443,592
109433100,574,775,246
45610614,861,243,218
77100798,139,579,958
264454575,385,759,905
112322105,371,755,401
105983073,987,123,873
46107456,69,788,848
42871824,166,633,408
20371164,814,129,194
287317727,577,577,863
1727320,868,398,5
13898304,252,144,383
285237645,597,803,595
26733000,140,201,950
6953040,74,261,360
24373920,309,340,232
144332958,289,987,506
150515456,364,497,832
182439679,751,277,877
137911320,354,453,860
48599244,261,708,263
205230375,511,459,875
231192885,605,651,587
145296195,561,277,935
10635800,107,100,994
159488,356,56,8
155788672,373,832,502
203600784,892,276,827
127187268,663,199,964
135951244,697,682,286
130389480,780,333,502
92952288,962,366,264
331795936,752,646,683
149020470,563,346,765
63315522,387,914,179
4767600,435,20,548
49556715,845,519,113
24669645,91,795,341
204062804,284,787,913
10068552,347,312,93
189065670,953,255,778
696777600,960,802,905
94383927,337,621,451
48480320,92,560,941
191548800,739,640,405
87276960,534,180,908
71665880,871,935,88
72607590,319,281,810
227817408,354,952,676
231809760,915,406,624
1386210,6,245,943
216638038,491,646,683
195353118,563,666,521
327032640,620,666,792
7566048,567,556,24
27342432,312,268,327
377672064,528,964,742
5036910,15,758,443
38522526,849,926,49
10804374,909,566,21
17346420,353,702,70
237327200,298,880,905
236030400,370,886,720
50589552,502,988,102
298070780,628,497,955
19371870,317,582,105
30478680,818,414,90
1633812,3,692,787
205392935,655,983,319
56736768,368,264,584
375395328,896,792,529
10317150,202,227,225
143012551,391,811,451
179935870,335,991,542
59281131,273,463,469
464155904,928,607,824
330839168,521,902,704
300467200,800,968,388
499254912,636,816,962
24423510,335,174,419
11950639,23,667,779
6260370,30,211,989
137323894,262,941,557
8297768,194,289,148
43537500,750,645,90
76868064,419,234,784
54908130,155,782,453
611997540,924,695,953
18642824,107,751,232
169703,761,1,223
70421208,923,132,578
94294200,385,785,312
616912530,813,898,845
163193940,729,287,780
3483480,91,88,435
17210200,647,475,56
391917428,889,718,614
7566156,702,317,34
607125375,983,915,675
9178442,611,37,406
400038678,478,933,897
140860608,672,337,622
133791215,983,163,835
473144,98,68,71
11656,31,8,47
2701,1,73,37
107010,90,41,29
30464,14,32,68
10080,32,9,35
320866,91,41,86
577500,75,77,100
3888,3,48,27
7954,97,1,82
69377,77,53,17
180411,77,71,33
373320,68,61,90
319872,64,51,98
2000,50,4,10
36400,40,13,70
257250,75,35,98
35574,11,49,66
5250,21,25,10
288585,99,53,55
133590,30,61,73
46410,17,91,30
59840,22,40,68
229976,38,68,89
96480,67,96,15
402938,62,67,97
193161,93,67,31
426240,74,80,72
4392,61,36,2
4602,59,6,13
456950,74,65,95
110630,65,23,74
712800,80,99,90
248640,70,96,37
358892,46,94,83
182160,55,92,36
13552,2,77,88
125856,46,57,48
102144,38,32,84
3245,5,11,59
818235,99,95,87
1312,82,4,4
28910,14,59,35
6952,11,8,79
39150,50,87,9
188632,73,76,34
87318,99,21,42
12402,9,53,26
156520,52,70,43
110565,27,65,63
127512,66,23,84
4644,2,54,43
240900,73,44,75
72000,100,12,60
47250,25,63,30
155844,54,74,39
590520,84,95,74
4512,32,47,3
62700,11,75,76
95940,45,52,41
169320,85,83,24
59500,34,25,70
3675,49,3,25
96000,50,20,96
471968,86,98,56
4092,6,31,22
3216,4,12,67
288486,62,47,99
95880,40,51,47
11396,74,2,77
109890,74,99,15
147784,26,98,58
14352,13,92,12
84645,9,95,99
36260,35,28,37
4788,63,38,2
278392,34,92,89
117576,71,72,23
158400,99,20,80
14350,41,14,25
116400,40,97,30
65856,12,56,98
263250,65,75,54
232815,85,33,83
186048,96,34,57
4508,7,92,7
306720,45,96,71
487971,53,99,93
12320,10,16,77
22140,27,10,82
13662,46,9,33
18207,7,51,51
400722,98,87,47
37800,100,42,9
147798,63,46,51
181536,32,93,61
267264,48,64,87
109296,22,69,72
25920,10,96,27
12400,80,5,31
8575,5,35,49
17136,42,24,17
73312,32,79,29
224532,99,36,63
96330,39,26,95
3948,84,1,47
124600,56,25,89
93808,26,44,82
14872,52,11,26
154628,29,86,62
24480,16,45,34
166518,33,58,87
3876,12,17,19
1615,19,17,5
137940,66,95,22
180198,27,71,94
24192,28,96,9
68808,61,47,24
162240,26,78,80
11088,77,6,24
8364,82,34,3
43890,95,77,6
2805,11,3,85
90060,79,38,30
50760,6,90,94
387504,52,92,81
6336,4,66,24
375046,86,49,89
106260,55,28,69
54000,30,50,36
25056,87,24,12
25284,6,98,43
153384,44,83,42
560700,89,63,100
23100,14,66,25
858,39,11,2
201960,85,24,99
161200,65,62,40
341275,85,73,55
80,2,20,2
107520,21,64,80
31280,68,20,23
3255,3,35,31
58410,22,59,45
187000,68,50,55
2700,2,75,18
33075,49,15,45
48360,13,40,93
22800,10,60,38
9024,12,16,47
229632,78,64,46
80427,83,17,57
133120,65,64,32
239844,69,79,44
57750,75,77,10
83160,84,15,66
36432,24,33,46
449856,72,71,88
12312,12,57,18
9028,37,61,4
59976,98,34,18
98784,21,56,84
187862,41,58,79
651452,73,92,97
6930,35,18,11
619528,74,92,91
241740,90,34,79
77400,50,43,36
48600,45,30,36
122892,21,76,77
51128,83,77,8
41952,46,19,48
6160,22,20,14
53535,43,83,15
21879,33,51,13
26838,18,21,71
2000,5,25,16
47310,83,30,19
23940,45,14,38
16632,63,22,12
209952,48,81,54
233396,76,83,37
424320,96,85,52
150336,96,58,27
179872,44,73,56
36963,37,37,27
199500,75,35,76
11440,13,55,16
275400,75,54,68
71586,97,18,41
332787,53,91,69
125280,58,24,90
1504,16,1,94
107360,88,61,20
4480,8,28,20
437552,58,82,92
53820,30,26,69
133380,39,38,90
37544,38,52,19
93600,52,45,40
177288,24,83,89
137616,47,48,61
164160,76,36,60
21560,55,7,56
65520,24,35,78
216,4,6,9
10980,36,5,61
36500,25,73,20
102960,55,39,48
107415,93,77,15
7056,98,12,6
446160,78,65,88
1148,7,4,41
399675,73,75,73
9360,78,60,2
3150,6,35,15
137085,65,37,57
610130,97,85,74
126522,27,71,66
99840,52,30,64
224640,32,78,90
249480,40,63,99
123480,35,98,36
34408,68,11,46
340,10,2,17
342465,85,79,51
290496,89,68,48
95940,13,82,90
5040,35,16,9
11040,40,4,69
165240,85,81,24
29325,15,23,85
432180,45,98,98
105600,25,88,48
46816,76,88,7
55692,17,91,36
119600,23,65,80
152685,45,39,87
680295,77,95,93
123120,80,19,81
83600,25,38,88
9680,11,55,16
311144,76,89,46
212,53,1,4
164472,84,89,22
403920,54,88,85
13776,14,12,82
133400,100,58,23
22040,20,38,29
25480,35,8,91
445170,71,66,95
72333,47,57,27
347188,73,82,58
9690,15,38,17
56160,96,9,65
18468,81,76,3
20988,22,53,18
12464,2,76,82
469469,67,91,77
3780,27,7,20
156672,48,34,96
110160,90,17,72
32103,41,9,87
250743,53,83,57
35478,6,73,81
151998,33,47,98
38190,38,67,15
23940,84,5,57
990,22,1,45
38016,36,96,11
600,3,5,40
5616,4,52,27
246228,71,51,68
30184,44,49,14
10976,98,56,2
21090,74,3,95
2800,70,1,40
171626,46,41,91
4960,4,31,40
74451,69,83,13
756,9,12,7
255192,28,98,93
75816,39,24,81
241560,90,44,61
202827,41,51,97
25920,30,9,96
202664,44,49,94
226460,67,65,52
70380,46,85,18
5074,59,2,43
26433,89,11,27
81016,82,26,38
181584,39,97,48
11968,34,11,32
78958,74,97,11
8084,94,2,43
176792,41,56,77
5270,17,62,5
429,1,13,33
132165,89,15,99
304704,92,69,48
42780,46,30,31
90334,31,94,31
126720,80,72,22
190816,89,67,32
140768,53,83,32
19800,75,11,24
230850,54,45,95
265434,83,39,82
590226,94,91,69
268128,63,76,56
777843,81,97,99
438425,95,65,71
201348,94,42,51
432264,83,62,84
3876,38,17,6
109319,49,97,23
920,5,46,4
251370,45,57,98
134000,50,67,40
262728,41,72,89
23040,6,64,60
230300,47,50,98
72540,31,52,45
16128,64,18,14
68150,25,94,29
95040,20,72,66
573300,70,90,91
23400,13,25,72
187974,59,54,59
75900,92,55,15
250920,90,34,82
237162,47,58,87
431600,65,80,83
13650,7,50,39
115456,82,32,44
46980,20,29,81
13680,95,6,24
75900,25,66,46
1152,18,8,8
19840,31,64,10
72275,59,25,49
177480,29,68,90
363216,94,69,56
182160,40,66,69
199045,55,77,47
51410,53,10,97
248064,96,68,38
44625,17,35,75
70180,58,22,55
107520,21,80,64
20280,26,30,26
276640,76,70,52
1064,56,19,1
67298,23,77,38
29680,53,10,56
135168,88,48,32
22704,8,66,43
45024,67,84,8
891,1,33,27
362340,61,66,90
301938,49,79,78
13800,10,30,46
63954,66,19,51
132184,41,62,52
414920,55,82,92
130815,51,27,95
855,15,19,3
78030,90,17,51
79335,43,45,41
284310,90,81,39
76700,20,65,59
56880,12,79,60
30855,51,11,55
148800,62,24,100
141414,91,74,21
214600,74,58,50
73554,39,23,82
4200,2,28,75
212175,75,69,41
300960,33,96,95
5940,90,22,3
23506,14,73,23
8835,31,57,5
6138,62,33,3
45752,14,86,38
252747,69,37,99
237510,45,91,58
4704,2,28,84
8100,6,15,90
65856,98,84,8
24288,24,92,11
114680,47,61,40
107892,54,37,54
521640,90,63,92
115584,96,86,14
59400,10,90,66
9522,69,46,3
108288,94,16,72
73593,39,51,37
5400,24,45,5
126477,47,69,39
82824,34,42,58
99900,54,25,74
603876,91,84,79
108630,71,90,17
476850,85,85,66
109480,23,68,70
88704,56,36,44
23800,85,70,4
6231,31,3,67
147560,85,28,62
20230,17,35,34
73260,20,99,37
145000,50,100,29
234360,42,93,60
24475,25,11,89
96903,37,27,97
616,1,56,11
147384,72,23,89
248160,47,80,66
11725,67,25,7
158598,99,89,18
18486,3,78,79
31434,39,13,62
7128,72,9,11
110550,50,67,33
6080,16,4,95
26316,18,86,17
222750,55,54,75
25080,19,22,60
148614,51,31,94
261360,80,99,33
96444,47,36,57
395010,66,95,63
34300,35,98,10
127872,74,54,32
20800,50,16,26
289170,51,81,70
138600,40,99,35
194040,98,22,90
141081,37,93,41
25300,22,25,46
416240,55,86,88
4125,15,55,5
348524,44,89,89
211167,99,79,27
101150,17,85,70
119600,40,46,65
95232,16,96,62
69600,60,20,58
86400,18,100,48
3564,22,54,3
49980,68,49,15
341088,57,88,68
110449,17,73,89
102960,55,24,78
577348,94,83,74
216505,95,53,43
65700,73,100,9
370880,61,95,64
88182,46,71,27
27608,68,7,58
32864,13,32,79
22800,95,20,12
40404,74,13,42
15708,44,21,17
65736,11,83,72
448560,89,56,90
282864,83,71,48
3216,8,67,6
63504,63,42,24
17760,15,74,16
123240,30,79,52
25392,48,23,23
50410,71,10,71
72000,25,40,72
76500,51,75,20
229100,100,79,29
21420,6,42,85
483092,89,92,59
328482,66,79,63
520782,87,73,82
354780,60,81,73
13720,98,14,10
83600,95,11,80
428802,66,73,89
183015,45,83,49
453600,75,96,63
99200,64,62,25
73593,39,51,37
131670,38,63,55
431892,62,81,86
123420,85,33,44
58656,24,47,52
233682,87,79,34
21840,42,20,26
567720,90,76,83
306900,62,75,66
126360,54,78,30
622440,95,78,84
32640,85,24,16
144400,95,16,95
167620,29,85,68
197589,97,21,97
3648,1,57,64
353920,64,70,79
238924,53,92,49
25596,79,18,18
138320,91,38,40
16200,12,90,15
16037,7,29,79
68096,76,64,14
36792,12,42,73
45954,37,18,69
227286,61,81,46
26144,76,43,8
32147,31,17,61
101614,47,94,23
63829,31,71,29
210816,64,61,54
25920,12,24,90
317400,69,92,50
122200,25,52,94
9720,45,8,27
105825,51,83,25
9800,50,7,28
12936,14,22,42
38720,88,5,88
326800,86,40,95
390,65,3,2
15138,9,29,58
102120,92,30,37
78390,67,90,13
1496,44,34,1
190836,54,93,38
77952,14,96,58
60060,84,65,11
300300,33,100,91
646100,100,71,91
10150,29,70,5
66690,19,45,78
15484,2,79,98
123120,54,40,57
182400,96,50,38
385866,97,78,51
22410,83,54,5
97776,12,84,97
294679,77,43,89
24453,13,33,57
82656,28,82,36
386100,99,100,39
51156,98,9,58
51389,67,13,59
226980,60,39,97
52785,45,23,51
134232,94,28,51
87048,27,62,52
17136,56,34,9
15360,10,48,32
118252,94,17,74
169575,85,35,57
34216,28,94,13
208152,63,59,56
4050,3,50,27
264600,49,60,90
264992,98,52,52
132525,95,31,45
177537,31,69,83
840,1,56,15
6240,60,52,2
362404,43,98,86
238876,44,89,61
277440,60,68,68
8442,9,14,67
350400,75,64,73
47880,38,15,84
42930,15,54,53
197470,31,65,98
115830,18,65,99
235200,50,49,96
2736,24,38,3
119691,99,31,39
19320,69,10,28
16072,4,98,41
55872,18,97,32
828,69,4,3
75072,48,34,46
12768,28,8,57
313408,64,59,83
56760,33,20,86
148808,19,89,88
105576,24,53,83
455520,73,65,96
109440,20,57,96
439356,94,57,82
46500,75,62,10
14700,28,35,15
5476,74,2,37
30514,73,11,38
10472,17,28,22
302950,83,50,73
320,20,1,16
17024,7,32,76
22428,89,63,4
50960,8,91,70
111888,37,36,84
4018,7,41,14
12993,61,3,71
84800,53,32,50
141895,59,65,37
84564,81,36,29
127908,76,33,51
232400,83,50,56
18972,9,68,31
1474,2,11,67
56000,56,25,40
36192,87,26,16
96748,38,67,38
57528,47,24,51
15132,97,3,52
392196,46,87,98
4420,13,5,68
219450,77,57,50
34170,15,67,34
61200,75,68,12
19320,30,14,46
291060,60,99,49
204624,98,58,36
13475,7,25,77
90440,95,17,56
21896,14,23,68
711620,92,85,91
65268,84,37,21
61275,43,25,57
5735,5,37,31
149916,62,39,62
10920,78,10,14
25382,49,14,37
38709,69,11,51
440154,78,57,99
18564,51,4,91
342160,91,40,94
82838,14,97,61
16720,5,76,44
208656,42,69,72
269667,57,57,83
381216,66,76,76
91665,15,63,97
194304,33,92,64
4760,17,5,56
62640,72,30,29
46893,7,87,77
278800,50,82,68
45792,53,16,54
169344,28,96,63
12420,92,9,15
243376,56,82,53
352512,72,68,72
14790,10,87,17
50048,8,92,68
128700,36,55,65
124416,72,54,32
34720,80,7,62
63700,25,49,52
418275,65,65,99
124320,70,48,37
382536,77,72,69
209902,94,29,77
342608,92,38,98
216,4,54,1
13520,40,13,26
486472,68,73,98
1296,72,3,6
231150,67,46,75
140302,59,29,82
110200,29,76,50
56700,50,42,27
330240,86,40,96
154167,67,59,39
508816,88,59,98
19440,81,15,16
7695,81,19,5
2880,24,20,6
419616,94,72,62
203112,42,78,62
784148,86,94,97
1870,11,17,10
6510,70,1,93
16874,22,13,59
28350,27,75,14
172480,77,70,32
93398,34,67,41
32340,33,28,35
748,34,22,1
191400,100,87,22
85914,86,37,27
9800,20,49,10
210800,31,100,68
45927,21,81,27
147030,87,26,65
421200,78,60,90
21344,8,29,92
175446,81,57,38
24012,12,29,69
87780,33,95,28
68544,18,56,68
8125,65,25,5
259875,45,77,75
100464,28,39,92
142296,66,44,49
266112,84,48,66
18560,4,58,80
2016,4,12,42
16560,5,72,46
252000,70,40,90
41344,76,34,16
171120,93,92,20
2058,14,3,49
236028,68,89,39
269664,96,53,53
2400,2,24,50
79424,73,68,16
49126,22,29,77
190960,56,62,55
57000,95,10,60
10150,70,29,5
6624,8,36,23
461817,69,69,97
14421,19,23,33
98112,73,42,32
44550,54,33,25
2970,3,99,10
7920,66,2,60
201201,33,91,67
40700,55,20,37
19240,37,13,40
10368,36,4,72
12960,9,72,20
498560,95,82,64
14432,44,8,41
25404,4,73,87
27588,11,66,38
304722,81,66,57
374400,50,96,78
5688,79,36,2
253228,59,58,74
856128,98,91,96
7680,12,20,32
15390,9,45,38
1650,10,11,15
98277,51,41,47
387504,81,92,52
52972,38,82,17
134784,26,81,64
3600,60,20,3
22960,82,10,28
390,65,6,1
332904,97,52,66
71672,62,17,68
579420,90,74,87
537186,78,97,71
73810,61,22,55
39312,16,39,63
172800,80,40,54
301,43,7,1
241200,80,67,45
46800,72,26,25
11664,54,54,4
66528,28,99,24
69000,25,40,69
58752,64,54,17
798,7,3,38
478224,82,81,72
80652,94,11,78
452088,78,84,69
77976,76,54,19
225852,59,87,44
135102,89,66,23
105105,91,33,35
237120,52,76,60
70784,79,32,28
3780,14,15,18
117800,76,31,50
60648,76,57,14
4704,32,7,21
198276,78,62,41
30996,54,14,41
249664,32,94,83
67620,42,46,35
222138,63,86,41
5544,77,2,36
54614,83,14,47
28800,12,48,50
8268,13,53,12
277200,90,55,56
242176,86,44,64
51948,78,9,74
82080,72,15,76
121278,51,58,41
50600,92,50,11
226176,64,93,38
2208,6,16,23
183040,80,26,88
57800,68,17,50
351000,75,72,65
153340,85,22,82
31584,94,84,4
17040,71,10,24
144150,50,93,31
88044,33,46,58
16376,89,4,46
76320,53,36,40
31600,79,5,80
162000,75,27,80
13200,88,10,15
558360,90,94,66
326508,46,78,91
6384,48,19,7
16900,5,65,52
194580,46,45,94
105300,39,60,45
5145,5,21,49
169344,54,64,49
295240,61,55,88
308880,78,88,45
47952,72,9,74
27900,15,20,93
46080,32,18,80
73080,70,12,87
15288,28,6,91
1872,36,13,4
24180,31,15,52
3120,1,40,78
41322,97,71,6
121055,55,71,31
4416,8,23,24
65682,9,82,89
76570,19,65,62
45144,72,57,11
28710,87,11,30
28215,11,95,27
8918,91,1,98
281106,46,63,97
800,5,5,32
68796,78,63,14
41040,24,30,57
166160,62,67,40
208260,89,52,45
68250,25,65,42
253330,55,94,49
4740,20,79,3
184544,79,32,73
270,6,5,9
74400,25,31,96
17010,27,14,45
133380,65,27,76
51168,39,82,16
132800,83,50,32
83248,86,22,44
188190,90,41,51
525570780,670,983,798
18472608,147,204,616
113444760,660,601,286
23444556,321,961,76
294164400,642,632,725
18999750,110,525,329
24495240,121,420,482
81712560,904,786,115
248740800,673,448,825
12453075,15,855,971
1179570,861,10,137
266664240,855,404,772
245598804,594,822,503
348334,278,7,179
581079372,849,794,862
106331680,910,134,872
15712650,927,678,25
138142212,498,611,454
33419920,886,41,920
2674100,170,715,22
73730496,714,112,922
163216080,410,776,513
18615560,172,790,137
245133540,540,731,621
30610872,648,487,97
192910179,363,553,961
322920756,666,657,738
120661728,978,701,176
161388240,346,507,920
1525872,498,8,383
82031859,567,359,403
228393984,798,559,512
9287124,874,22,483
29118960,204,549,260
20769840,208,105,951
2764773,107,87,297
105700788,657,654,246
98116209,223,589,747
41376320,485,496,172
2181036,902,26,93
73050768,196,612,609
28083132,99,308,921
25307275,511,175,283
76806000,765,251,400
101442200,695,356,410
256455234,753,714,477
4703292,66,214,333
16663400,29,845,680
323069040,929,540,644
9250726,197,886,53
27506340,101,445,612
1364160,21,448,145
4959360,720,21,328
11783952,57,584,354
81708858,231,387,914
180181584,968,383,486
37593856,472,304,262
27082752,912,928,32
94686400,415,620,368
6000048,228,258,102
54280380,758,651,110
104096520,271,970,396
325268208,436,954,782
6514960,185,124,284
10447888,506,29,712
83225064,169,852,578
241074240,617,555,704
7485240,133,67,840
18831696,586,104,309
221277000,750,514,574
181492480,260,839,832
296526636,959,409,756
145572980,644,265,853
84562920,570,951,156
190053864,364,594,879
63982620,444,739,195
132303084,953,503,276
119797312,344,862,404
1322568,628,702,3
275224131,787,637,549
2534904,68,38,981
227854900,980,511,455
102988170,263,855,458
4130112,439,98,96
226908375,655,745,465
9747760,209,80,583
60280815,687,545,161
241474240,989,448,545
732500,586,50,25
16046255,107,337,445
457776000,1000,528,867
37441440,432,135,642
368894056,943,428,914
68562980,830,401,206
198095625,375,585,903
63728640,256,461,540
98856450,315,330,951
19497472,452,128,337
319167040,928,815,422
181912500,550,350,945
85154208,464,438,419
177347808,888,561,356
97546680,621,561,280
583862400,825,776,912
653520,389,14,120
218996260,508,791,545
2707744,598,8,566
21127392,513,352,117
31663302,466,781,87
65165760,480,187,726
49900928,244,581,352
465936300,915,943,540
6429402,233,219,126
39661500,150,386,685
146355924,346,493,858
85646768,746,127,904
275324076,621,818,542
26594568,126,468,451
27096536,347,908,86
313402176,576,619,879
475200,220,12,180
564615828,993,588,967
364222818,723,513,982
17542980,162,833,130
342761208,493,982,708
5509296,654,324,26
130439778,211,861,718
16206234,451,318,113
123201589,511,353,683
64126800,379,225,752
11987514,434,33,837
187757080,679,892,310
316802310,379,894,935
420973280,997,455,928
210462094,362,641,907
45677280,844,984,55
49555000,901,250,220
41064000,348,472,250
72283320,762,255,372
100292020,223,995,452
89834052,646,473,294
12136320,40,588,516
8188128,864,117,81
12710980,178,370,193
298443530,721,583,710
4576000,176,260,100
66923700,118,597,950
148456800,450,474,696
175612360,814,322,670
136022615,485,509,551
294684420,642,985,466
147521920,884,596,280
20471616,66,359,864
6156150,65,105,902
11800800,450,88,298
140124600,674,770,270
106809824,236,814,556
306000,250,408,3
368712960,840,946,464
490680,30,174,94
13236970,178,139,535
46057000,395,265,440
7136262,441,522,31
2728620,18,163,930
4074840,924,45,98
16692039,39,623,687
40335267,553,123,593
9811296,352,57,489
197278224,984,286,701
97792816,593,176,937
70013412,236,357,831
294228480,421,780,896
520142400,656,881,900
88209600,800,391,282
3924000,8,500,981
38053152,831,54,848
245935872,504,782,624
25873749,891,409,71
405757632,944,903,476
374083875,925,495,817
9555955,323,485,61
64787489,403,373,431
28030720,244,320,359
1972656,342,56,103
376250,301,625,2
16539861,101,663,247
177627450,715,390,637
28259865,45,901,697
103118400,550,864,217
47963448,247,696,279
5994600,20,582,515
184582449,339,909,599
128800126,646,637,313
48449880,794,108,565
169327652,611,877,316
72287928,327,453,488
261340191,943,581,477
1327464,24,103,537
40927500,642,85,750
54619656,562,623,156
37111424,488,98,776
103707072,408,357,712
293937150,307,982,975
138887892,782,207,858
281486401,521,977,553
71006838,881,114,707
229685148,418,623,882
22664400,850,66,404
250091880,370,713,948
269745762,481,586,957
77348000,610,317,400
4422288,494,24,373
35412300,49,803,900
384936440,578,670,994
90026448,354,332,766
204861180,610,669,502
44769120,220,732,278
38461440,626,512,120
106757352,348,621,494
279896400,870,383,840
216889876,833,547,476
157436910,773,558,365
284975405,403,715,989
29756320,464,106,605
65785512,442,314,474
228480948,876,383,681
293790651,947,869,357
28694016,72,479,832
2805504,13,281,768
93831288,668,246,571
4105300,610,673,10
102058278,303,343,982
125314560,864,259,560
16522163,149,217,511
362806554,827,782,561
75301534,539,587,238
145791100,866,185,910
84781312,616,253,544
92262672,612,739,204
61383880,103,940,634
16539072,191,164,528
104552448,924,884,128
64664240,808,106,755
12151272,453,479,56
4328208,24,699,258
197950625,367,625,863
753326820,915,942,874
113102784,348,488,666
2280960,11,240,864
3346110,729,45,102
12116905,373,365,89
33242094,79,582,723
151113600,550,576,477
53419575,887,825,73
8629920,461,32,585
109356975,343,545,585
203501160,587,642,540
63480,276,46,5
2752838,797,22,157
192030,173,74,15
28855800,425,828,82
9029468,829,778,14
78935310,810,437,223
1915056,11,936,186
225494280,810,418,666
8119308,956,57,149
92136684,159,634,914
10254400,136,580,130
27685740,710,97,402
94179618,207,494,921
373144464,922,511,792
25821894,329,206,381
101658375,331,525,585
269175660,886,533,570
163222580,794,610,337
154346400,970,408,390
33607665,203,283,585
660445170,915,763,946
222302616,586,606,626
162989400,420,755,514
156847488,672,989,236
40000242,447,443,202
78136740,209,558,670
66177000,900,114,645
97725580,505,958,202
137575296,614,778,288
13013924,62,329,638
94483584,864,701,156
7915536,657,48,251
9027480,33,977,280
38326080,481,996,80
23033232,291,816,97
12696090,487,110,237
120428595,523,903,255
12626640,568,45,494
14910060,451,116,285
51908688,237,312,702
15450127,77,629,319
461550,2,905,255
236535208,892,611,434
8905200,48,905,205
138281250,625,250,885
538111350,810,665,999
48336708,889,276,197
110801350,418,575,461
70204715,133,965,547
35119000,580,173,350
44207072,208,323,658
344145348,531,706,918
56688732,492,193,597
9608604,402,629,38
115009780,166,790,877
46066504,781,584,101
211472752,479,656,673
7006720,952,230,32
344075208,769,824,543
11049687,33,467,717
33408,174,8,24
373070880,949,468,840
62552112,466,952,141
7289122,19,866,443
312828750,575,702,775
36782174,143,761,338
69302880,447,760,204
880,1,20,44
8268344,361,409,56
61734736,464,581,229
87941880,228,690,559
83467608,266,993,316
755820,646,39,30
35460,3,788,15
161349944,926,686,254
78132620,298,835,314
3530560,22,236,680
464904440,715,683,952
80465294,923,182,479
94078272,629,984,152
6034400,32,397,475
156602208,672,397,587
12080934,207,213,274
524496,56,42,223
184092744,636,649,446
47190500,679,100,695
109493760,256,530,807
155749608,756,431,478
163626540,749,993,220
112805352,788,482,297
48499776,144,884,381
16408242,347,639,74
39550500,940,495,85
499093050,937,795,670
253522500,550,525,878
45135595,731,233,265
145784520,612,581,410
756891,17,51,873
41113788,543,823,92
83244200,634,325,404
389336255,745,617,847
211430880,696,732,415
82355400,505,270,604
28373100,354,350,229
387305430,695,786,709
11875681,383,101,307
14828964,942,926,17
61191936,416,908,162
6855702,23,658,453
6683040,36,340,546
18249000,632,375,77
37612268,926,46,883
264306974,653,439,922
302973024,894,359,944
33865887,159,289,737
11283856,328,334,103
172700500,530,475,686
339342860,422,829,970
27928960,340,151,544
41361936,836,372,133
18061920,888,45,452
365415459,799,471,971
27946688,856,53,616
79946460,626,774,165
151316270,721,310,677
61160704,587,704,148
68245632,672,273,372
22687710,751,795,38
3329280,90,128,289
20568240,168,371,330
18175068,597,177,172
118758480,339,580,604
858082008,872,997,987
162515808,676,324,742
79117776,491,373,432
20996010,54,735,529
65495192,344,413,461
4547116,502,14,647
14257152,78,357,512
26214864,977,559,48
35011872,756,56,827
45719100,540,287,295
52554238,293,682,263
246174552,702,918,382
139034070,217,791,810
41814375,769,725,75
298686430,998,595,503
386688000,1000,636,608
184374112,806,232,986
2872830,731,655,6
103252644,972,957,111
276540500,865,575,556
487620,86,42,135
9402074,913,542,19
574990650,871,810,815
13884400,100,674,206
13777006,202,283,241
25343150,190,259,515
1272320,8,160,994
64445960,536,695,173
580727340,678,921,930
7192476,843,474,18
318318616,638,721,692
47910590,815,221,266
47909664,284,594,284
127047086,479,538,493
50016176,241,238,872
34357596,146,431,546
79430120,902,740,119
268541952,448,669,896
19476288,221,544,162
491331232,826,791,752
38556225,225,551,311
4339075,65,169,395
18305634,911,197,102
18642596,28,809,823
22263228,117,202,942
6231654,54,143,807
291452700,682,814,525
384091191,851,873,517
137643,129,97,11
125382400,650,274,704
344786350,950,629,577
102372448,367,379,736
109242,7,459,34
90106992,753,554,216
373166460,983,513,740
45314360,826,260,211
6040302,118,339,151
107654456,817,182,724
18281668,356,577,89
4363560,276,31,510
15709410,701,135,166
3075000,984,25,125
53897592,474,124,917
61570260,190,918,353
126663680,865,832,176
12952632,308,978,43
34859160,406,540,159
57889882,353,334,491
184977324,797,756,307
104357169,417,701,357
73597660,178,478,865
262923570,533,810,609
31152870,159,933,210
63851723,247,961,269
339240960,818,648,640
33509850,138,275,883
283550196,764,579,641
92116035,405,319,713
13750320,235,318,184
236630702,539,454,967
64831200,908,75,952
80739360,180,494,908
124207104,152,912,896
216082944,348,704,882
202066432,232,878,992
251254950,705,785,454
100201482,157,669,954
49066440,430,257,444
342470187,687,499,999
196139475,405,505,959
670145840,949,970,728
11300400,876,516,25
532439001,983,729,743
198696000,500,487,816
112003632,268,494,846
6216192,96,284,228
5932476,211,99,284
476091,229,189,11
5637320,260,293,74
783216,259,36,84
2142,7,17,18
2880,10,16,18
330,3,10,11
280,14,20,1
81,9,1,9
2600,13,10,20
35,7,5,1
560,4,7,20
390,2,15,13
576,16,2,18
864,8,9,12
3380,13,13,20
4,2,2,1
1260,6,14,15
1400,20,14,5
234,18,13,1
3800,20,19,10
80,2,5,8
25,5,1,5
3528,14,14,18
30,10,1,3
3000,15,20,10
360,2,18,10
1539,19,9,9
3249,19,19,9
1050,15,7,10
378,14,3,9
156,1,12,13
35,1,7,5
176,1,11,16
1452,11,11,12
30,1,2,15
76,2,19,2
6,1,1,6
336,8,14,3
240,5,16,3
420,10,6,7
30,5,1,6
30,3,2,5
2160,10,12,18
52,4,13,1
112,1,14,8
1512,7,12,18
88,8,1,11
1620,18,18,5
4160,16,13,20
3420,19,20,9
400,4,5,20
2640,15,11,16
1428,14,17,6
1768,17,13,8
1768,13,8,17
576,3,12,16
770,14,5,11
2268,18,7,18
4446,18,13,19
1530,10,17,9
2856,17,12,14
2340,13,12,15
486,9,18,3
297,3,11,9
2100,20,7,15
1440,16,6,15
210,10,7,3
1120,16,14,5
455,5,7,13
78,3,2,13
1680,14,12,10
504,8,7,9
15,1,3,5
3200,8,20,20
3192,14,12,19
99,3,3,11
120,10,4,3
252,9,7,4
2574,13,11,18
1404,18,6,13
2380,20,17,7
289,1,17,17
3,1,1,3
1800,18,5,20
136,8,1,17
228,19,12,1
33,11,1,3
165,15,1,11
225,3,5,15
539,7,7,11
2268,7,18,18
750,5,10,15
1596,6,19,14
144,3,12,4
162,9,18,1
2880,18,10,16
1452,12,11,11
360,18,1,20
912,6,8,19
1078,7,11,14
315,9,7,5
2394,14,9,19
1600,4,20,20
1064,14,19,4
480,6,4,20
192,8,3,8
1482,6,13,19
1152,6,16,12
4864,16,16,19
1512,14,12,9
2520,14,10,18
1920,8,15,16
2240,20,8,14
153,17,9,1
2584,19,8,17
324,12,3,9
816,16,17,3
1428,12,7,17
1710,10,9,19
90,2,3,15
570,15,19,2
4845,17,15,19
252,12,3,7
1408,11,16,8
3536,17,16,13
63,1,9,7
408,4,17,6
2464,14,16,11
200,5,4,10
56,2,4,7
2380,14,17,10
1260,20,7,9
616,7,8,11
20,10,2,1
32,8,2,2
144,4,4,9
2268,9,18,14
104,4,13,2
504,18,2,14
720,5,18,8
2106,9,18,13
600,2,15,20
4788,14,19,18
182,2,7,13
396,18,2,11
168,14,4,3
528,4,12,11
180,18,10,1
3648,16,19,12
1140,4,15,19
1254,19,6,11
2890,10,17,17
882,7,7,18
38,1,2,19
416,8,13,4
576,12,16,3
300,5,15,4
504,14,4,9
143,13,1,11
3040,16,10,19
2700,15,12,15
270,3,10,9
36,18,2,1
450,15,10,3
720,12,20,3
520,13,20,2
160,8,20,1
1440,20,8,9
4788,14,18,19
15,1,3,5
1260,15,14,6
3458,14,13,19
225,5,5,9
39,1,3,13
1764,18,14,7
270,15,2,9
320,20,16,1
680,2,20,17
1176,14,6,14
1904,8,14,17
660,5,12,11
1872,18,8,13
1680,12,14,10
2160,12,20,9
2160,20,12,9
204,17,3,4
384,2,12,16
88,4,2,11
936,8,9,13
504,4,9,14
24,3,1,8
1755,15,9,13
160,4,2,20
960,15,16,4
1232,8,14,11
90,1,9,10
1260,7,12,15
780,10,13,6
900,5,15,12
1620,18,9,10
1760,11,8,20
169,1,13,13
969,3,17,19
48,6,1,8
440,5,11,8
1170,15,13,6
5600,20,20,14
768,16,12,4
4104,12,18,19
1632,12,8,17
224,14,1,16
728,8,7,13
1365,7,15,13
256,4,16,4
336,8,14,3
952,7,8,17
741,13,19,3
600,6,5,20
1560,15,8,13
336,4,7,12
117,1,13,9
182,7,13,2
540,18,6,5
1800,18,5,20
1596,14,6,19
1650,11,15,10
2560,16,8,20
936,13,6,12
816,17,4,12
342,19,1,18
160,20,8,1
104,13,8,1
252,14,2,9
84,3,2,14
399,3,7,19
418,19,2,11
418,2,11,19
2210,13,10,17
600,10,3,20
594,18,11,3
912,4,19,12
100,10,2,5
960,8,8,15
1615,19,5,17
576,3,16,12
6400,20,16,20
51,17,1,3
425,5,17,5
39,13,1,3
6800,20,20,17
480,20,8,3
1008,7,9,16
988,13,19,4
297,3,9,11
16,4,4,1
714,7,17,6
120,12,10,1
693,9,7,11
66,11,2,3
3040,8,20,19
252,3,12,7
900,6,15,10
495,15,3,11
168,3,8,7
588,6,14,7
660,5,12,11
390,13,2,15
1950,15,13,10
2040,10,17,12
18,1,3,6
2880,9,20,16
486,3,9,18
360,2,12,15
195,1,15,13
480,16,3,10
855,3,19,15
480,20,2,12
96,4,8,3
6156,19,18,18
1320,15,8,11
399,7,3,19
720,10,9,8
30,6,5,1
544,2,17,16
288,6,6,8
1500,10,10,15
576,8,8,9
1020,17,15,4
448,7,8,8
384,16,2,12
196,14,2,7
3920,20,14,14
1820,10,13,14
2880,12,12,20
16,1,8,2
135,5,3,9
1900,5,20,19
280,14,2,10
96,4,3,8
455,13,5,7
756,6,9,14
1600,20,16,5
2240,8,20,14
760,2,19,20
4624,17,17,16
2304,9,16,16
272,4,4,17
2268,18,18,7
5202,17,17,18
1092,7,12,13
390,5,6,13
96,16,1,6
3366,18,11,17
256,4,4,16
2772,14,18,11
2280,19,15,8
2280,20,6,19
2160,9,20,12
936,4,13,18
2520,14,18,10
1275,15,17,5
70,7,2,5
1287,9,11,13
4940,20,13,19
882,18,7,7
495,11,5,9
650,10,5,13
140,10,14,1
5130,18,15,19
1040,16,13,5
4680,20,18,13
25,5,5,1
864,9,12,8
1568,14,16,7
680,8,5,17
3672,17,12,18
760,4,10,19
3458,19,13,14
228,19,6,2
1440,18,4,20
420,7,3,20
1728,18,12,8
660,11,4,15
1352,13,8,13
270,3,6,15
1309,17,7,11
80,2,8,5
286,2,13,11
1824,8,19,12
646,2,17,19
1700,17,20,5
30,15,2,1
2400,20,8,15
420,7,10,6
160,4,4,10
280,10,14,2
264,12,2,11
1020,17,12,5
714,17,6,7
646,17,2,19
120,8,3,5
140,7,4,5
1386,11,9,14
300,15,20,1
156,13,3,4
72,3,4,6
720,4,10,18
2016,12,12,14
1440,9,16,10
105,7,15,1
600,10,4,15
192,16,2,6
